close_call,collision,source_file,vehicle_id,vehicle_type,velocity,acceleration,angular_velocity,lights_on
0,0,75.pkl,35,vehicle.mercedes.coupe_2020,"(0.0, 0.0, 0.0)","(0.0, 0.0, 0.0)","(0.0, 0.0, 0.0)",2047
0,0,75.pkl,76,vehicle.tesla.model3,"(0.0, 0.0, 0.0)","(0.0, 0.0, 0.0)","(0.0, 0.0, 0.0)",2047
0,0,75.pkl,92,vehicle.carlamotors.carlacola,"(0.0, 0.0, 0.0)","(0.0, 0.0, 0.0)","(0.0, 0.0, 0.0)",2047
0,0,75.pkl,93,vehicle.tesla.model3,"(0.0, 0.0, 0.0)","(0.0, 0.0, 0.0)","(0.0, 0.0, 0.0)",2047
0,0,174.pkl,76,vehicle.tesla.model3,"(0.0, 0.0, 0.0)","(0.0, 0.0, 0.0)","(0.0, 0.0, 0.0)",2047
0,0,174.pkl,35,vehicle.mercedes.coupe_2020,"(0.0, 0.0, 0.0)","(0.0, 0.0, 0.0)","(0.0, 0.0, 0.0)",2047
0,0,174.pkl,47,vehicle.yamaha.yzf,"(0.0, 0.0, 0.0)","(0.0, 0.0, 0.0)","(0.0, 0.0, 0.0)",2047
0,0,174.pkl,93,vehicle.tesla.model3,"(0.0, 0.0, 0.0)","(0.0, 0.0, 0.0)","(0.0, 0.0, 0.0)",2047
0,0,438.pkl,64,vehicle.tesla.model3,"(0.0, 0.0, 0.0)","(0.0, 0.0, 0.0)","(0.0, 0.0, 0.00041062210220843554)",2047
0,0,438.pkl,59,vehicle.mini.cooper_s,"(0.0, 0.0, 0.0)","(0.0, 0.0, 0.0)","(-1.281942331843311e-05, 1.281942331843311e-05, 0.00041062216041609645)",2047
0,0,438.pkl,33,vehicle.chevrolet.impala,"(0.0, 0.0, 0.0)","(0.0, 0.0, 0.0)","(0.0, 0.0, 0.0)",2047
0,0,438.pkl,34,vehicle.ford.ambulance,"(0.0, 0.0, 0.0)","(0.0, 0.0, 0.0)","(0.0, 0.0, 0.0008212444954551756)",2047
0,0,438.pkl,95,vehicle.tesla.cybertruck,"(0.0, 0.0, 0.0)","(0.0, 0.0, 0.0)","(0.0, 6.4097130234586075e-06, -0.00041032180888578296)",2047
0,0,438.pkl,67,vehicle.mini.cooper_s,"(0.0, 0.0, 0.0)","(0.0, 0.0, 0.0)","(-1.281942331843311e-05, 1.281942331843311e-05, 0.00041062216041609645)",2047
0,0,216.pkl,35,vehicle.mercedes.coupe_2020,"(0.0, 0.0, 0.0)","(0.0, 0.0, 0.0)","(0.0, 0.0, 0.0)",2047
0,0,216.pkl,47,vehicle.yamaha.yzf,"(0.0, 0.0, 0.0)","(0.0, 0.0, 0.0)","(0.0, 0.0, 0.0)",2047
0,0,216.pkl,93,vehicle.tesla.model3,"(0.0, 0.0, 0.0)","(0.0, 0.0, 0.0)","(0.0, 0.0, 0.0)",2047
0,0,411.pkl,59,vehicle.mini.cooper_s,"(0.0, 0.0, 0.0)","(0.0, 0.0, 0.0)","(-1.281942331843311e-05, 1.281942331843311e-05, 0.00041062216041609645)",2047
0,0,411.pkl,33,vehicle.chevrolet.impala,"(0.0, 0.0, 0.0)","(0.0, 0.0, 0.0)","(0.0, 0.0, 0.0)",2047
0,0,411.pkl,34,vehicle.ford.ambulance,"(0.0, 0.0, 0.0)","(0.0, 0.0, 0.0)","(0.0, 0.0, 0.0008212444954551756)",2047
0,0,411.pkl,67,vehicle.mini.cooper_s,"(0.0, 0.0, 0.0)","(0.0, 0.0, 0.0)","(-1.281942331843311e-05, 1.281942331843311e-05, 0.00041062216041609645)",2047
0,0,411.pkl,95,vehicle.tesla.cybertruck,"(0.0, 0.0, 0.0)","(0.0, 0.0, 0.0)","(0.0, 6.4097130234586075e-06, -0.00041032180888578296)",2047
0,0,405.pkl,95,vehicle.tesla.cybertruck,"(0.0, 0.0, 0.0)","(0.0, 0.0, 0.0)","(0.0, 6.4097130234586075e-06, -0.00041032180888578296)",2047
0,0,405.pkl,67,vehicle.mini.cooper_s,"(0.0, 0.0, 0.0)","(0.0, 0.0, 0.0)","(-1.281942331843311e-05, 1.281942331843311e-05, 0.00041062216041609645)",2047
0,0,405.pkl,59,vehicle.mini.cooper_s,"(0.0, 0.0, 0.0)","(0.0, 0.0, 0.0)","(-1.281942331843311e-05, 1.281942331843311e-05, 0.00041062216041609645)",2047
0,0,405.pkl,33,vehicle.chevrolet.impala,"(0.0, 0.0, 0.0)","(0.0, 0.0, 0.0)","(0.0, 0.0, 0.0)",2047
0,0,363.pkl,33,vehicle.chevrolet.impala,"(0.0, 0.0, 0.0)","(0.0, 0.0, 0.0)","(0.0, 0.0, 0.0)",2047
0,0,363.pkl,59,vehicle.mini.cooper_s,"(0.0, 0.0, 0.0)","(0.0, 0.0, 0.0)","(-1.281942331843311e-05, 1.281942331843311e-05, 0.00041062216041609645)",2047
0,0,363.pkl,67,vehicle.mini.cooper_s,"(0.0, 0.0, 0.0)","(0.0, 0.0, 0.0)","(-1.281942331843311e-05, 1.281942331843311e-05, 0.00041062216041609645)",2047
0,0,60.pkl,76,vehicle.tesla.model3,"(0.0, 0.0, 0.0)","(0.0, 0.0, 0.0)","(0.0, 0.0, 0.0)",2047
0,0,60.pkl,92,vehicle.carlamotors.carlacola,"(0.0, 0.0, 0.0)","(0.0, 0.0, 0.0)","(0.0, 0.0, 0.0)",2047
0,0,60.pkl,35,vehicle.mercedes.coupe_2020,"(0.0, 0.0, 0.0)","(0.0, 0.0, 0.0)","(0.0, 0.0, 0.0)",2047
0,0,60.pkl,93,vehicle.tesla.model3,"(0.0, 0.0, 0.0)","(0.0, 0.0, 0.0)","(0.0, 0.0, 0.0)",2047
0,0,48.pkl,35,vehicle.mercedes.coupe_2020,"(0.0, 0.0, 0.0)","(0.0, 0.0, 0.0)","(0.0, 0.0, 0.0)",2047
0,0,48.pkl,76,vehicle.tesla.model3,"(0.0, 0.0, 0.0)","(0.0, 0.0, 0.0)","(0.0, 0.0, 0.0)",2047
0,0,48.pkl,92,vehicle.carlamotors.carlacola,"(0.0, 0.0, 0.0)","(0.0, 0.0, 0.0)","(0.0, 0.0, 0.0)",2047
0,0,48.pkl,93,vehicle.tesla.model3,"(0.0, 0.0, 0.0)","(0.0, 0.0, 0.0)","(0.0, 0.0, 0.0)",2047
0,0,177.pkl,93,vehicle.tesla.model3,"(0.0, 0.0, 0.0)","(0.0, 0.0, 0.0)","(0.0, 0.0, 0.0)",2047
0,0,177.pkl,76,vehicle.tesla.model3,"(0.0, 0.0, 0.0)","(0.0, 0.0, 0.0)","(0.0, 0.0, 0.0)",2047
0,0,177.pkl,35,vehicle.mercedes.coupe_2020,"(0.0, 0.0, 0.0)","(0.0, 0.0, 0.0)","(0.0, 0.0, 0.0)",2047
0,0,177.pkl,47,vehicle.yamaha.yzf,"(0.0, 0.0, 0.0)","(0.0, 0.0, 0.0)","(0.0, 0.0, 0.0)",2047
0,0,375.pkl,33,vehicle.chevrolet.impala,"(0.0, 0.0, 0.0)","(0.0, 0.0, 0.0)","(0.0, 0.0, 0.0)",2047
0,0,375.pkl,67,vehicle.mini.cooper_s,"(0.0, 0.0, 0.0)","(0.0, 0.0, 0.0)","(-1.281942331843311e-05, 1.281942331843311e-05, 0.00041062216041609645)",2047
0,0,375.pkl,59,vehicle.mini.cooper_s,"(0.0, 0.0, 0.0)","(0.0, 0.0, 0.0)","(-1.281942331843311e-05, 1.281942331843311e-05, 0.00041062216041609645)",2047
0,0,201.pkl,35,vehicle.mercedes.coupe_2020,"(0.0, 0.0, 0.0)","(0.0, 0.0, 0.0)","(0.0, 0.0, 0.0)",2047
0,0,201.pkl,93,vehicle.tesla.model3,"(0.0, 0.0, 0.0)","(0.0, 0.0, 0.0)","(0.0, 0.0, 0.0)",2047
0,0,201.pkl,47,vehicle.yamaha.yzf,"(0.0, 0.0, 0.0)","(0.0, 0.0, 0.0)","(0.0, 0.0, 0.0)",2047
0,0,228.pkl,35,vehicle.mercedes.coupe_2020,"(0.0, 0.0, 0.0)","(0.0, 0.0, 0.0)","(0.0, 0.0, 0.0)",2047
0,0,228.pkl,47,vehicle.yamaha.yzf,"(0.0, 0.0, 0.0)","(0.0, 0.0, 0.0)","(0.0, 0.0, 0.0)",2047
0,0,228.pkl,93,vehicle.tesla.model3,"(0.0, 0.0, 0.0)","(0.0, 0.0, 0.0)","(0.0, 0.0, 0.0)",2047
0,0,348.pkl,67,vehicle.mini.cooper_s,"(0.0, 0.0, 0.0)","(0.0, 0.0, 0.0)","(-1.281942331843311e-05, 1.281942331843311e-05, 0.00041062216041609645)",2047
0,0,348.pkl,33,vehicle.chevrolet.impala,"(0.0, 0.0, 0.0)","(0.0, 0.0, 0.0)","(0.0, 0.0, 0.0)",2047
0,0,348.pkl,59,vehicle.mini.cooper_s,"(0.0, 0.0, 0.0)","(0.0, 0.0, 0.0)","(-1.281942331843311e-05, 1.281942331843311e-05, 0.00041062216041609645)",2047
0,0,360.pkl,33,vehicle.chevrolet.impala,"(0.0, 0.0, 0.0)","(0.0, 0.0, 0.0)","(0.0, 0.0, 0.0)",2047
0,0,360.pkl,59,vehicle.mini.cooper_s,"(0.0, 0.0, 0.0)","(0.0, 0.0, 0.0)","(-1.281942331843311e-05, 1.281942331843311e-05, 0.00041062216041609645)",2047
0,0,360.pkl,67,vehicle.mini.cooper_s,"(0.0, 0.0, 0.0)","(0.0, 0.0, 0.0)","(-1.281942331843311e-05, 1.281942331843311e-05, 0.00041062216041609645)",2047
0,0,162.pkl,47,vehicle.yamaha.yzf,"(0.0, 0.0, 0.0)","(0.0, 0.0, 0.0)","(0.0, 0.0, 0.0)",2047
0,0,162.pkl,93,vehicle.tesla.model3,"(0.0, 0.0, 0.0)","(0.0, 0.0, 0.0)","(0.0, 0.0, 0.0)",2047
0,0,162.pkl,76,vehicle.tesla.model3,"(0.0, 0.0, 0.0)","(0.0, 0.0, 0.0)","(0.0, 0.0, 0.0)",2047
0,0,162.pkl,35,vehicle.mercedes.coupe_2020,"(0.0, 0.0, 0.0)","(0.0, 0.0, 0.0)","(0.0, 0.0, 0.0)",2047
0,0,63.pkl,76,vehicle.tesla.model3,"(0.0, 0.0, 0.0)","(0.0, 0.0, 0.0)","(0.0, 0.0, 0.0)",2047
0,0,63.pkl,93,vehicle.tesla.model3,"(0.0, 0.0, 0.0)","(0.0, 0.0, 0.0)","(0.0, 0.0, 0.0)",2047
0,0,63.pkl,92,vehicle.carlamotors.carlacola,"(0.0, 0.0, 0.0)","(0.0, 0.0, 0.0)","(0.0, 0.0, 0.0)",2047
0,0,63.pkl,35,vehicle.mercedes.coupe_2020,"(0.0, 0.0, 0.0)","(0.0, 0.0, 0.0)","(0.0, 0.0, 0.0)",2047
0,0,189.pkl,76,vehicle.tesla.model3,"(0.0, 0.0, 0.0)","(0.0, 0.0, 0.0)","(0.0, 0.0, 0.0)",2047
0,0,189.pkl,35,vehicle.mercedes.coupe_2020,"(0.0, 0.0, 0.0)","(0.0, 0.0, 0.0)","(0.0, 0.0, 0.0)",2047
0,0,189.pkl,47,vehicle.yamaha.yzf,"(0.0, 0.0, 0.0)","(0.0, 0.0, 0.0)","(0.0, 0.0, 0.0)",2047
0,0,189.pkl,93,vehicle.tesla.model3,"(0.0, 0.0, 0.0)","(0.0, 0.0, 0.0)","(0.0, 0.0, 0.0)",2047
0,0,9.pkl,92,vehicle.carlamotors.carlacola,"(0.0, 0.0, 0.0)","(0.0, 0.0, 0.0)","(0.0, 0.0, 0.0)",2047
0,0,9.pkl,91,vehicle.lincoln.mkz_2020,"(0.0, 0.0, 0.0)","(0.0, 0.0, 0.0)","(0.0, 0.0, 0.0)",2047
0,0,9.pkl,35,vehicle.mercedes.coupe_2020,"(0.0, 0.0, 0.0)","(0.0, 0.0, 0.0)","(0.0, 0.0, 0.0)",2047
0,0,9.pkl,93,vehicle.tesla.model3,"(0.0, 0.0, 0.0)","(0.0, 0.0, 0.0)","(0.0, 0.0, 0.0)",2047
0,0,402.pkl,33,vehicle.chevrolet.impala,"(0.0, 0.0, 0.0)","(0.0, 0.0, 0.0)","(0.0, 0.0, 0.0)",2047
0,0,402.pkl,95,vehicle.tesla.cybertruck,"(0.0, 0.0, 0.0)","(0.0, 0.0, 0.0)","(0.0, 6.4097130234586075e-06, -0.00041032180888578296)",2047
0,0,402.pkl,67,vehicle.mini.cooper_s,"(0.0, 0.0, 0.0)","(0.0, 0.0, 0.0)","(-1.281942331843311e-05, 1.281942331843311e-05, 0.00041062216041609645)",2047
0,0,402.pkl,59,vehicle.mini.cooper_s,"(0.0, 0.0, 0.0)","(0.0, 0.0, 0.0)","(-1.281942331843311e-05, 1.281942331843311e-05, 0.00041062216041609645)",2047
0,0,204.pkl,35,vehicle.mercedes.coupe_2020,"(0.0, 0.0, 0.0)","(0.0, 0.0, 0.0)","(0.0, 0.0, 0.0)",2047
0,0,204.pkl,93,vehicle.tesla.model3,"(0.0, 0.0, 0.0)","(0.0, 0.0, 0.0)","(0.0, 0.0, 0.0)",2047
0,0,204.pkl,47,vehicle.yamaha.yzf,"(0.0, 0.0, 0.0)","(0.0, 0.0, 0.0)","(0.0, 0.0, 0.0)",2047
0,0,210.pkl,93,vehicle.tesla.model3,"(0.0, 0.0, 0.0)","(0.0, 0.0, 0.0)","(0.0, 0.0, 0.0)",2047
0,0,210.pkl,35,vehicle.mercedes.coupe_2020,"(0.0, 0.0, 0.0)","(0.0, 0.0, 0.0)","(0.0, 0.0, 0.0)",2047
0,0,210.pkl,47,vehicle.yamaha.yzf,"(0.0, 0.0, 0.0)","(0.0, 0.0, 0.0)","(0.0, 0.0, 0.0)",2047
0,0,417.pkl,67,vehicle.mini.cooper_s,"(0.0, 0.0, 0.0)","(0.0, 0.0, 0.0)","(-1.281942331843311e-05, 1.281942331843311e-05, 0.00041062216041609645)",2047
0,0,417.pkl,59,vehicle.mini.cooper_s,"(0.0, 0.0, 0.0)","(0.0, 0.0, 0.0)","(-1.281942331843311e-05, 1.281942331843311e-05, 0.00041062216041609645)",2047
0,0,417.pkl,95,vehicle.tesla.cybertruck,"(0.0, 0.0, 0.0)","(0.0, 0.0, 0.0)","(0.0, 6.4097130234586075e-06, -0.00041032180888578296)",2047
0,0,417.pkl,33,vehicle.chevrolet.impala,"(0.0, 0.0, 0.0)","(0.0, 0.0, 0.0)","(0.0, 0.0, 0.0)",2047
0,0,417.pkl,34,vehicle.ford.ambulance,"(0.0, 0.0, 0.0)","(0.0, 0.0, 0.0)","(0.0, 0.0, 0.0008212444954551756)",2047
0,0,99.pkl,92,vehicle.carlamotors.carlacola,"(0.0, 0.0, 0.0)","(0.0, 0.0, 0.0)","(0.0, 0.0, 0.0)",2047
0,0,99.pkl,35,vehicle.mercedes.coupe_2020,"(0.0, 0.0, 0.0)","(0.0, 0.0, 0.0)","(0.0, 0.0, 0.0)",2047
0,0,99.pkl,76,vehicle.tesla.model3,"(0.0, 0.0, 0.0)","(0.0, 0.0, 0.0)","(0.0, 0.0, 0.0)",2047
0,0,99.pkl,93,vehicle.tesla.model3,"(0.0, 0.0, 0.0)","(0.0, 0.0, 0.0)","(0.0, 0.0, 0.0)",2047
0,0,198.pkl,93,vehicle.tesla.model3,"(0.0, 0.0, 0.0)","(0.0, 0.0, 0.0)","(0.0, 0.0, 0.0)",2047
0,0,198.pkl,47,vehicle.yamaha.yzf,"(0.0, 0.0, 0.0)","(0.0, 0.0, 0.0)","(0.0, 0.0, 0.0)",2047
0,0,198.pkl,35,vehicle.mercedes.coupe_2020,"(0.0, 0.0, 0.0)","(0.0, 0.0, 0.0)","(0.0, 0.0, 0.0)",2047
0,0,66.pkl,93,vehicle.tesla.model3,"(0.0, 0.0, 0.0)","(0.0, 0.0, 0.0)","(0.0, 0.0, 0.0)",2047
0,0,66.pkl,76,vehicle.tesla.model3,"(0.0, 0.0, 0.0)","(0.0, 0.0, 0.0)","(0.0, 0.0, 0.0)",2047
0,0,66.pkl,92,vehicle.carlamotors.carlacola,"(0.0, 0.0, 0.0)","(0.0, 0.0, 0.0)","(0.0, 0.0, 0.0)",2047
0,0,66.pkl,35,vehicle.mercedes.coupe_2020,"(0.0, 0.0, 0.0)","(0.0, 0.0, 0.0)","(0.0, 0.0, 0.0)",2047
0,0,72.pkl,92,vehicle.carlamotors.carlacola,"(0.0, 0.0, 0.0)","(0.0, 0.0, 0.0)","(0.0, 0.0, 0.0)",2047
0,0,72.pkl,76,vehicle.tesla.model3,"(0.0, 0.0, 0.0)","(0.0, 0.0, 0.0)","(0.0, 0.0, 0.0)",2047
0,0,72.pkl,35,vehicle.mercedes.coupe_2020,"(0.0, 0.0, 0.0)","(0.0, 0.0, 0.0)","(0.0, 0.0, 0.0)",2047
0,0,72.pkl,93,vehicle.tesla.model3,"(0.0, 0.0, 0.0)","(0.0, 0.0, 0.0)","(0.0, 0.0, 0.0)",2047
0,0,159.pkl,93,vehicle.tesla.model3,"(0.0, 0.0, 0.0)","(0.0, 0.0, 0.0)","(0.0, 0.0, 0.0)",2047
0,0,159.pkl,76,vehicle.tesla.model3,"(0.0, 0.0, 0.0)","(0.0, 0.0, 0.0)","(0.0, 0.0, 0.0)",2047
0,0,159.pkl,35,vehicle.mercedes.coupe_2020,"(0.0, 0.0, 0.0)","(0.0, 0.0, 0.0)","(0.0, 0.0, 0.0)",2047
0,0,159.pkl,47,vehicle.yamaha.yzf,"(0.0, 0.0, 0.0)","(0.0, 0.0, 0.0)","(0.0, 0.0, 0.0)",2047
0,0,165.pkl,47,vehicle.yamaha.yzf,"(0.0, 0.0, 0.0)","(0.0, 0.0, 0.0)","(0.0, 0.0, 0.0)",2047
0,0,165.pkl,35,vehicle.mercedes.coupe_2020,"(0.0, 0.0, 0.0)","(0.0, 0.0, 0.0)","(0.0, 0.0, 0.0)",2047
0,0,165.pkl,76,vehicle.tesla.model3,"(0.0, 0.0, 0.0)","(0.0, 0.0, 0.0)","(0.0, 0.0, 0.0)",2047
0,0,165.pkl,93,vehicle.tesla.model3,"(0.0, 0.0, 0.0)","(0.0, 0.0, 0.0)","(0.0, 0.0, 0.0)",2047
0,0,171.pkl,76,vehicle.tesla.model3,"(0.0, 0.0, 0.0)","(0.0, 0.0, 0.0)","(0.0, 0.0, 0.0)",2047
0,0,171.pkl,35,vehicle.mercedes.coupe_2020,"(0.0, 0.0, 0.0)","(0.0, 0.0, 0.0)","(0.0, 0.0, 0.0)",2047
0,0,171.pkl,47,vehicle.yamaha.yzf,"(0.0, 0.0, 0.0)","(0.0, 0.0, 0.0)","(0.0, 0.0, 0.0)",2047
0,0,171.pkl,93,vehicle.tesla.model3,"(0.0, 0.0, 0.0)","(0.0, 0.0, 0.0)","(0.0, 0.0, 0.0)",2047
0,0,429.pkl,67,vehicle.mini.cooper_s,"(0.0, 0.0, 0.0)","(0.0, 0.0, 0.0)","(-1.281942331843311e-05, 1.281942331843311e-05, 0.00041062216041609645)",2047
0,0,429.pkl,59,vehicle.mini.cooper_s,"(0.0, 0.0, 0.0)","(0.0, 0.0, 0.0)","(-1.281942331843311e-05, 1.281942331843311e-05, 0.00041062216041609645)",2047
0,0,429.pkl,33,vehicle.chevrolet.impala,"(0.0, 0.0, 0.0)","(0.0, 0.0, 0.0)","(0.0, 0.0, 0.0)",2047
0,0,429.pkl,34,vehicle.ford.ambulance,"(0.0, 0.0, 0.0)","(0.0, 0.0, 0.0)","(0.0, 0.0, 0.0008212444954551756)",2047
0,0,429.pkl,95,vehicle.tesla.cybertruck,"(0.0, 0.0, 0.0)","(0.0, 0.0, 0.0)","(0.0, 6.4097130234586075e-06, -0.00041032180888578296)",2047
0,0,213.pkl,35,vehicle.mercedes.coupe_2020,"(0.0, 0.0, 0.0)","(0.0, 0.0, 0.0)","(0.0, 0.0, 0.0)",2047
0,0,213.pkl,93,vehicle.tesla.model3,"(0.0, 0.0, 0.0)","(0.0, 0.0, 0.0)","(0.0, 0.0, 0.0)",2047
0,0,213.pkl,47,vehicle.yamaha.yzf,"(0.0, 0.0, 0.0)","(0.0, 0.0, 0.0)","(0.0, 0.0, 0.0)",2047
0,0,207.pkl,35,vehicle.mercedes.coupe_2020,"(0.0, 0.0, 0.0)","(0.0, 0.0, 0.0)","(0.0, 0.0, 0.0)",2047
0,0,207.pkl,47,vehicle.yamaha.yzf,"(0.0, 0.0, 0.0)","(0.0, 0.0, 0.0)","(0.0, 0.0, 0.0)",2047
0,0,207.pkl,93,vehicle.tesla.model3,"(0.0, 0.0, 0.0)","(0.0, 0.0, 0.0)","(0.0, 0.0, 0.0)",2047
0,0,414.pkl,67,vehicle.mini.cooper_s,"(0.0, 0.0, 0.0)","(0.0, 0.0, 0.0)","(-1.281942331843311e-05, 1.281942331843311e-05, 0.00041062216041609645)",2047
0,0,414.pkl,95,vehicle.tesla.cybertruck,"(0.0, 0.0, 0.0)","(0.0, 0.0, 0.0)","(0.0, 6.4097130234586075e-06, -0.00041032180888578296)",2047
0,0,414.pkl,59,vehicle.mini.cooper_s,"(0.0, 0.0, 0.0)","(0.0, 0.0, 0.0)","(-1.281942331843311e-05, 1.281942331843311e-05, 0.00041062216041609645)",2047
0,0,414.pkl,33,vehicle.chevrolet.impala,"(0.0, 0.0, 0.0)","(0.0, 0.0, 0.0)","(0.0, 0.0, 0.0)",2047
0,0,414.pkl,34,vehicle.ford.ambulance,"(0.0, 0.0, 0.0)","(0.0, 0.0, 0.0)","(0.0, 0.0, 0.0008212444954551756)",2047
0,0,372.pkl,33,vehicle.chevrolet.impala,"(0.0, 0.0, 0.0)","(0.0, 0.0, 0.0)","(0.0, 0.0, 0.0)",2047
0,0,372.pkl,59,vehicle.mini.cooper_s,"(0.0, 0.0, 0.0)","(0.0, 0.0, 0.0)","(-1.281942331843311e-05, 1.281942331843311e-05, 0.00041062216041609645)",2047
0,0,372.pkl,67,vehicle.mini.cooper_s,"(0.0, 0.0, 0.0)","(0.0, 0.0, 0.0)","(-1.281942331843311e-05, 1.281942331843311e-05, 0.00041062216041609645)",2047
0,0,366.pkl,59,vehicle.mini.cooper_s,"(0.0, 0.0, 0.0)","(0.0, 0.0, 0.0)","(-1.281942331843311e-05, 1.281942331843311e-05, 0.00041062216041609645)",2047
0,0,366.pkl,33,vehicle.chevrolet.impala,"(0.0, 0.0, 0.0)","(0.0, 0.0, 0.0)","(0.0, 0.0, 0.0)",2047
0,0,366.pkl,67,vehicle.mini.cooper_s,"(0.0, 0.0, 0.0)","(0.0, 0.0, 0.0)","(-1.281942331843311e-05, 1.281942331843311e-05, 0.00041062216041609645)",2047
0,0,399.pkl,59,vehicle.mini.cooper_s,"(0.0, 0.0, 0.0)","(0.0, 0.0, 0.0)","(-1.281942331843311e-05, 1.281942331843311e-05, 0.00041062216041609645)",2047
0,0,399.pkl,33,vehicle.chevrolet.impala,"(0.0, 0.0, 0.0)","(0.0, 0.0, 0.0)","(0.0, 0.0, 0.0)",2047
0,0,399.pkl,67,vehicle.mini.cooper_s,"(0.0, 0.0, 0.0)","(0.0, 0.0, 0.0)","(-1.281942331843311e-05, 1.281942331843311e-05, 0.00041062216041609645)",2047
0,0,399.pkl,95,vehicle.tesla.cybertruck,"(0.0, 0.0, 0.0)","(0.0, 0.0, 0.0)","(0.0, 6.4097130234586075e-06, -0.00041032180888578296)",2047
0,0,117.pkl,92,vehicle.carlamotors.carlacola,"(0.0, 0.0, 0.0)","(0.0, 0.0, 0.0)","(0.0, 0.0, -0.0008212442044168711)",2047
0,0,117.pkl,76,vehicle.tesla.model3,"(0.0, 0.0, 0.0)","(0.0, 0.0, 0.0)","(-6.409711659216555e-06, 0.0, 0.00041062216041609645)",2047
0,0,117.pkl,47,vehicle.yamaha.yzf,"(0.0, 0.0, 0.0)","(0.0, 0.0, 0.0)","(0.0, 0.0, 0.0)",2047
0,0,117.pkl,93,vehicle.tesla.model3,"(0.0, 0.0, 0.0)","(0.0, 0.0, 0.0)","(0.0, 0.0, 0.0)",2047
0,0,117.pkl,35,vehicle.mercedes.coupe_2020,"(0.0, 0.0, 0.0)","(0.0, 0.0, 0.0)","(0.0, 0.0, 0.0)",2047
0,0,498.pkl,93,vehicle.vespa.zx125,"(0.0, 0.0, 0.0)","(0.0, 0.0, 0.0)","(0.0, 0.0, 0.00041102274553850293)",2047
0,0,498.pkl,64,vehicle.tesla.model3,"(0.0, 0.0, 0.0)","(0.0, 0.0, 0.0)","(0.0, 0.0, 0.00041062210220843554)",2047
0,0,498.pkl,95,vehicle.tesla.cybertruck,"(0.0, 0.0, 0.0)","(0.0, 0.0, 0.0)","(0.0, 6.4097130234586075e-06, -0.00041032180888578296)",2047
0,0,498.pkl,67,vehicle.mini.cooper_s,"(0.0, 0.0, 0.0)","(0.0, 0.0, 0.0)","(-1.281942331843311e-05, 1.281942331843311e-05, 0.00041062216041609645)",2047
0,0,498.pkl,73,vehicle.gazelle.omafiets,"(0.0, 0.0, 0.0)","(0.0, 0.0, 0.0)","(0.0, 0.0, 0.0)",2047
0,0,498.pkl,59,vehicle.mini.cooper_s,"(0.0, 0.0, 0.0)","(0.0, 0.0, 0.0)","(-1.281942331843311e-05, 1.281942331843311e-05, 0.00041062216041609645)",2047
0,0,498.pkl,33,vehicle.chevrolet.impala,"(0.0, 0.0, 0.0)","(0.0, 0.0, 0.0)","(0.0, 0.0, 0.0)",2047
0,0,498.pkl,34,vehicle.ford.ambulance,"(0.0, 0.0, 0.0)","(0.0, 0.0, 0.0)","(0.0, 0.0, 0.0008212444954551756)",2047
0,0,315.pkl,39,vehicle.harley-davidson.low_rider,"(0.0, 0.0, 0.0)","(0.0, 0.0, 0.0)","(0.0, -2.563884663686622e-05, 0.00041102274553850293)",2047
0,0,315.pkl,33,vehicle.chevrolet.impala,"(0.0, 0.0, 0.0)","(0.0, 0.0, 0.0)","(0.0, 0.0, 0.0)",2047
0,0,315.pkl,59,vehicle.mini.cooper_s,"(0.0, 0.0, 0.0)","(0.0, 0.0, 0.0)","(-1.281942331843311e-05, 1.281942331843311e-05, 0.00041062216041609645)",2047
0,0,315.pkl,67,vehicle.mini.cooper_s,"(0.0, 0.0, 0.0)","(0.0, 0.0, 0.0)","(-1.281942331843311e-05, 1.281942331843311e-05, 0.00041062216041609645)",2047
0,0,513.pkl,93,vehicle.vespa.zx125,"(0.0, 0.0, 0.0)","(0.0, 0.0, 0.0)","(0.0, 0.0, 0.00041102274553850293)",2047
0,0,513.pkl,59,vehicle.mini.cooper_s,"(0.0, 0.0, 0.0)","(0.0, 0.0, 0.0)","(-1.281942331843311e-05, 1.281942331843311e-05, 0.00041062216041609645)",2047
0,0,513.pkl,64,vehicle.tesla.model3,"(0.0, 0.0, 0.0)","(0.0, 0.0, 0.0)","(0.0, 0.0, 0.00041062210220843554)",2047
0,0,513.pkl,33,vehicle.chevrolet.impala,"(0.0, 0.0, 0.0)","(0.0, 0.0, 0.0)","(0.0, 0.0, 0.0)",2047
0,0,513.pkl,34,vehicle.ford.ambulance,"(0.0, 0.0, 0.0)","(0.0, 0.0, 0.0)","(0.0, 0.0, 0.0008212444954551756)",2047
0,0,513.pkl,95,vehicle.tesla.cybertruck,"(0.0, 0.0, 0.0)","(0.0, 0.0, 0.0)","(0.0, 6.4097130234586075e-06, -0.00041032180888578296)",2047
0,0,513.pkl,73,vehicle.gazelle.omafiets,"(0.0, 0.0, 0.0)","(0.0, 0.0, 0.0)","(0.0, 0.0, 0.0)",2047
0,0,507.pkl,59,vehicle.mini.cooper_s,"(0.0, 0.0, 0.0)","(0.0, 0.0, 0.0)","(-1.281942331843311e-05, 1.281942331843311e-05, 0.00041062216041609645)",2047
0,0,507.pkl,64,vehicle.tesla.model3,"(0.0, 0.0, 0.0)","(0.0, 0.0, 0.0)","(0.0, 0.0, 0.00041062210220843554)",2047
0,0,507.pkl,95,vehicle.tesla.cybertruck,"(0.0, 0.0, 0.0)","(0.0, 0.0, 0.0)","(0.0, 6.4097130234586075e-06, -0.00041032180888578296)",2047
0,0,507.pkl,93,vehicle.vespa.zx125,"(0.0, 0.0, 0.0)","(0.0, 0.0, 0.0)","(0.0, 0.0, 0.00041102274553850293)",2047
0,0,507.pkl,33,vehicle.chevrolet.impala,"(0.0, 0.0, 0.0)","(0.0, 0.0, 0.0)","(0.0, 0.0, 0.0)",2047
0,0,507.pkl,73,vehicle.gazelle.omafiets,"(0.0, 0.0, 0.0)","(0.0, 0.0, 0.0)","(0.0, 0.0, 0.0)",2047
0,0,507.pkl,34,vehicle.ford.ambulance,"(0.0, 0.0, 0.0)","(0.0, 0.0, 0.0)","(0.0, 0.0, 0.0008212444954551756)",2047
0,0,507.pkl,67,vehicle.mini.cooper_s,"(0.0, 0.0, 0.0)","(0.0, 0.0, 0.0)","(-1.281942331843311e-05, 1.281942331843311e-05, 0.00041062216041609645)",2047
0,0,261.pkl,86,vehicle.audi.etron,"(0.0, 0.0, 0.0)","(0.0, 0.0, 0.0)","(0.0, 0.0, 0.0)",2047
0,0,261.pkl,63,vehicle.volkswagen.t2_2021,"(0.0, 0.0, 0.0)","(0.0, 0.0, 0.0)","(0.0, 0.0, 0.0)",2047
0,0,261.pkl,35,vehicle.mercedes.coupe_2020,"(0.0, 0.0, 0.0)","(0.0, 0.0, 0.0)","(0.0, 0.0, 0.0)",2047
0,0,261.pkl,47,vehicle.yamaha.yzf,"(0.0, 0.0, 0.0)","(0.0, 0.0, 0.0)","(0.0, 0.0, 0.0)",2047
0,0,249.pkl,63,vehicle.volkswagen.t2_2021,"(0.0, 0.0, 0.0)","(0.0, 0.0, 0.0)","(0.0, 0.0, 0.0)",2047
0,0,249.pkl,35,vehicle.mercedes.coupe_2020,"(0.0, 0.0, 0.0)","(0.0, 0.0, 0.0)","(0.0, 0.0, 0.0)",2047
0,0,249.pkl,47,vehicle.yamaha.yzf,"(0.0, 0.0, 0.0)","(0.0, 0.0, 0.0)","(0.0, 0.0, 0.0)",2047
0,0,300.pkl,39,vehicle.harley-davidson.low_rider,"(0.0, 0.0, 0.0)","(0.0, 0.0, 0.0)","(2.5638850274845026e-05, 0.0, -0.0008212443790398538)",2047
0,0,300.pkl,59,vehicle.mini.cooper_s,"(0.0, 0.0, 0.0)","(0.0, 0.0, 0.0)","(-1.281942331843311e-05, 1.281942331843311e-05, 0.00041062216041609645)",2047
0,0,300.pkl,33,vehicle.chevrolet.impala,"(0.0, 0.0, 0.0)","(0.0, 0.0, 0.0)","(0.0, 0.0, 0.0)",2047
0,0,300.pkl,67,vehicle.mini.cooper_s,"(0.0, 0.0, 0.0)","(0.0, 0.0, 0.0)","(-1.281942331843311e-05, 1.281942331843311e-05, 0.00041062216041609645)",2047
0,0,102.pkl,93,vehicle.tesla.model3,"(0.0, 0.0, 0.0)","(0.0, 0.0, 0.0)","(0.0, 0.0, 0.0)",2047
0,0,102.pkl,92,vehicle.carlamotors.carlacola,"(0.0, 0.0, 0.0)","(0.0, 0.0, 0.0)","(0.0, 0.0, 0.0)",2047
0,0,102.pkl,76,vehicle.tesla.model3,"(0.0, 0.0, 0.0)","(0.0, 0.0, 0.0)","(0.0, 0.0, 0.0)",2047
0,0,102.pkl,35,vehicle.mercedes.coupe_2020,"(0.0, 0.0, 0.0)","(0.0, 0.0, 0.0)","(0.0, 0.0, 0.0)",2047
0,0,15.pkl,35,vehicle.mercedes.coupe_2020,"(0.0, 0.0, 0.0)","(0.0, 0.0, 0.0)","(0.0, 0.0, 0.0)",2047
0,0,15.pkl,93,vehicle.tesla.model3,"(0.0, 0.0, 0.0)","(0.0, 0.0, 0.0)","(0.0, 0.0, 0.0)",2047
0,0,15.pkl,76,vehicle.tesla.model3,"(0.0, 0.0, 0.0)","(0.0, 0.0, 0.0)","(0.0, 0.0, 0.0)",2047
0,0,15.pkl,92,vehicle.carlamotors.carlacola,"(0.0, 0.0, 0.0)","(0.0, 0.0, 0.0)","(0.0, 0.0, 0.0)",2047
0,0,15.pkl,91,vehicle.lincoln.mkz_2020,"(0.0, 0.0, 0.0)","(0.0, 0.0, 0.0)","(0.0, 0.0, 0.0)",2047
0,0,114.pkl,93,vehicle.tesla.model3,"(0.0, 0.0, 0.0)","(0.0, 0.0, 0.0)","(0.0, 0.0, 0.0)",2047
0,0,114.pkl,76,vehicle.tesla.model3,"(0.0, 0.0, 0.0)","(0.0, 0.0, 0.0)","(6.409709840227151e-06, -2.4837625460349955e-05, 0.0002053110220003873)",2047
0,0,114.pkl,35,vehicle.mercedes.coupe_2020,"(0.0, 0.0, 0.0)","(0.0, 0.0, 0.0)","(0.0, 0.0, 0.0)",2047
0,0,114.pkl,47,vehicle.yamaha.yzf,"(0.0, 0.0, 0.0)","(0.0, 0.0, 0.0)","(0.0, 0.0, 0.0)",2047
0,0,114.pkl,92,vehicle.carlamotors.carlacola,"(0.0, 0.0, 0.0)","(0.0, 0.0, 0.0)","(0.0, 0.0, -0.0008212442044168711)",2047
0,0,504.pkl,64,vehicle.tesla.model3,"(0.0, 0.0, 0.0)","(0.0, 0.0, 0.0)","(0.0, 0.0, 0.00041062210220843554)",2047
0,0,504.pkl,93,vehicle.vespa.zx125,"(0.0, 0.0, 0.0)","(0.0, 0.0, 0.0)","(0.0, 0.0, 0.00041102274553850293)",2047
0,0,504.pkl,59,vehicle.mini.cooper_s,"(0.0, 0.0, 0.0)","(0.0, 0.0, 0.0)","(-1.281942331843311e-05, 1.281942331843311e-05, 0.00041062216041609645)",2047
0,0,504.pkl,95,vehicle.tesla.cybertruck,"(0.0, 0.0, 0.0)","(0.0, 0.0, 0.0)","(0.0, 6.4097130234586075e-06, -0.00041032180888578296)",2047
0,0,504.pkl,33,vehicle.chevrolet.impala,"(0.0, 0.0, 0.0)","(0.0, 0.0, 0.0)","(0.0, 0.0, 0.0)",2047
0,0,504.pkl,34,vehicle.ford.ambulance,"(0.0, 0.0, 0.0)","(0.0, 0.0, 0.0)","(0.0, 0.0, 0.0008212444954551756)",2047
0,0,504.pkl,67,vehicle.mini.cooper_s,"(0.0, 0.0, 0.0)","(0.0, 0.0, 0.0)","(-1.281942331843311e-05, 1.281942331843311e-05, 0.00041062216041609645)",2047
0,0,504.pkl,73,vehicle.gazelle.omafiets,"(0.0, 0.0, 0.0)","(0.0, 0.0, 0.0)","(0.0, 0.0, 0.0)",2047
0,0,510.pkl,59,vehicle.mini.cooper_s,"(0.0, 0.0, 0.0)","(0.0, 0.0, 0.0)","(-1.281942331843311e-05, 1.281942331843311e-05, 0.00041062216041609645)",2047
0,0,510.pkl,33,vehicle.chevrolet.impala,"(0.0, 0.0, 0.0)","(0.0, 0.0, 0.0)","(0.0, 0.0, 0.0)",2047
0,0,510.pkl,93,vehicle.vespa.zx125,"(0.0, 0.0, 0.0)","(0.0, 0.0, 0.0)","(0.0, 0.0, 0.00041102274553850293)",2047
0,0,510.pkl,34,vehicle.ford.ambulance,"(0.0, 0.0, 0.0)","(0.0, 0.0, 0.0)","(0.0, 0.0, 0.0008212444954551756)",2047
0,0,510.pkl,64,vehicle.tesla.model3,"(0.0, 0.0, 0.0)","(0.0, 0.0, 0.0)","(0.0, 0.0, 0.00041062210220843554)",2047
0,0,510.pkl,95,vehicle.tesla.cybertruck,"(0.0, 0.0, 0.0)","(0.0, 0.0, 0.0)","(0.0, 6.4097130234586075e-06, -0.00041032180888578296)",2047
0,0,510.pkl,73,vehicle.gazelle.omafiets,"(0.0, 0.0, 0.0)","(0.0, 0.0, 0.0)","(0.0, 0.0, 0.0)",2047
0,0,276.pkl,59,vehicle.mini.cooper_s,"(0.0, 0.0, 0.0)","(0.0, 0.0, 0.0)","(-1.281942331843311e-05, 1.281942331843311e-05, 0.00041062216041609645)",2047
0,0,276.pkl,67,vehicle.mini.cooper_s,"(0.0, 0.0, 0.0)","(0.0, 0.0, 0.0)","(-1.281942331843311e-05, 1.281942331843311e-05, 0.00041062216041609645)",2047
0,0,276.pkl,39,vehicle.harley-davidson.low_rider,"(0.0, 0.0, 0.0)","(0.0, 0.0, 0.0)","(2.5638850274845026e-05, 0.0, -0.0008212443790398538)",2047
0,0,276.pkl,33,vehicle.chevrolet.impala,"(0.0, 0.0, 0.0)","(0.0, 0.0, 0.0)","(0.0, 0.0, 0.0)",2047
0,0,288.pkl,33,vehicle.chevrolet.impala,"(0.0, 0.0, 0.0)","(0.0, 0.0, 0.0)","(0.0, 0.0, 0.0)",2047
0,0,288.pkl,67,vehicle.mini.cooper_s,"(0.0, 0.0, 0.0)","(0.0, 0.0, 0.0)","(-1.281942331843311e-05, 1.281942331843311e-05, 0.00041062216041609645)",2047
0,0,288.pkl,59,vehicle.mini.cooper_s,"(0.0, 0.0, 0.0)","(0.0, 0.0, 0.0)","(-1.281942331843311e-05, 1.281942331843311e-05, 0.00041062216041609645)",2047
0,0,288.pkl,39,vehicle.harley-davidson.low_rider,"(0.0, 0.0, 0.0)","(0.0, 0.0, 0.0)","(2.5638850274845026e-05, 0.0, -0.0008212443790398538)",2047
0,0,459.pkl,64,vehicle.tesla.model3,"(0.0, 0.0, 0.0)","(0.0, 0.0, 0.0)","(0.0, 0.0, 0.00041062210220843554)",2047
0,0,459.pkl,93,vehicle.vespa.zx125,"(0.0, 0.0, 0.0)","(0.0, 0.0, 0.0)","(0.0, 0.0, 0.00041102274553850293)",2047
0,0,459.pkl,95,vehicle.tesla.cybertruck,"(0.0, 0.0, 0.0)","(0.0, 0.0, 0.0)","(0.0, 6.4097130234586075e-06, -0.00041032180888578296)",2047
0,0,459.pkl,59,vehicle.mini.cooper_s,"(0.0, 0.0, 0.0)","(0.0, 0.0, 0.0)","(-1.281942331843311e-05, 1.281942331843311e-05, 0.00041062216041609645)",2047
0,0,459.pkl,67,vehicle.mini.cooper_s,"(0.0, 0.0, 0.0)","(0.0, 0.0, 0.0)","(-1.281942331843311e-05, 1.281942331843311e-05, 0.00041062216041609645)",2047
0,0,459.pkl,33,vehicle.chevrolet.impala,"(0.0, 0.0, 0.0)","(0.0, 0.0, 0.0)","(0.0, 0.0, 0.0)",2047
0,0,459.pkl,34,vehicle.ford.ambulance,"(0.0, 0.0, 0.0)","(0.0, 0.0, 0.0)","(0.0, 0.0, 0.0008212444954551756)",2047
0,0,465.pkl,64,vehicle.tesla.model3,"(0.0, 0.0, 0.0)","(0.0, 0.0, 0.0)","(0.0, 0.0, 0.00041062210220843554)",2047
0,0,465.pkl,95,vehicle.tesla.cybertruck,"(0.0, 0.0, 0.0)","(0.0, 0.0, 0.0)","(0.0, 6.4097130234586075e-06, -0.00041032180888578296)",2047
0,0,465.pkl,93,vehicle.vespa.zx125,"(0.0, 0.0, 0.0)","(0.0, 0.0, 0.0)","(0.0, 0.0, 0.00041102274553850293)",2047
0,0,465.pkl,59,vehicle.mini.cooper_s,"(0.0, 0.0, 0.0)","(0.0, 0.0, 0.0)","(-1.281942331843311e-05, 1.281942331843311e-05, 0.00041062216041609645)",2047
0,0,465.pkl,33,vehicle.chevrolet.impala,"(0.0, 0.0, 0.0)","(0.0, 0.0, 0.0)","(0.0, 0.0, 0.0)",2047
0,0,465.pkl,34,vehicle.ford.ambulance,"(0.0, 0.0, 0.0)","(0.0, 0.0, 0.0)","(0.0, 0.0, 0.0008212444954551756)",2047
0,0,465.pkl,67,vehicle.mini.cooper_s,"(0.0, 0.0, 0.0)","(0.0, 0.0, 0.0)","(-1.281942331843311e-05, 1.281942331843311e-05, 0.00041062216041609645)",2047
0,0,303.pkl,39,vehicle.harley-davidson.low_rider,"(0.0, 0.0, 0.0)","(0.0, 0.0, 0.0)","(2.5638850274845026e-05, 0.0, -0.0008212443790398538)",2047
0,0,303.pkl,33,vehicle.chevrolet.impala,"(0.0, 0.0, 0.0)","(0.0, 0.0, 0.0)","(0.0, 0.0, 0.0)",2047
0,0,303.pkl,67,vehicle.mini.cooper_s,"(0.0, 0.0, 0.0)","(0.0, 0.0, 0.0)","(-1.281942331843311e-05, 1.281942331843311e-05, 0.00041062216041609645)",2047
0,0,303.pkl,59,vehicle.mini.cooper_s,"(0.0, 0.0, 0.0)","(0.0, 0.0, 0.0)","(-1.281942331843311e-05, 1.281942331843311e-05, 0.00041062216041609645)",2047
0,0,471.pkl,93,vehicle.vespa.zx125,"(0.0, 0.0, 0.0)","(0.0, 0.0, 0.0)","(0.0, 0.0, 0.00041102274553850293)",2047
0,0,471.pkl,64,vehicle.tesla.model3,"(0.0, 0.0, 0.0)","(0.0, 0.0, 0.0)","(0.0, 0.0, 0.00041062210220843554)",2047
0,0,471.pkl,95,vehicle.tesla.cybertruck,"(0.0, 0.0, 0.0)","(0.0, 0.0, 0.0)","(0.0, 6.4097130234586075e-06, -0.00041032180888578296)",2047
0,0,471.pkl,33,vehicle.chevrolet.impala,"(0.0, 0.0, 0.0)","(0.0, 0.0, 0.0)","(0.0, 0.0, 0.0)",2047
0,0,471.pkl,34,vehicle.ford.ambulance,"(0.0, 0.0, 0.0)","(0.0, 0.0, 0.0)","(0.0, 0.0, 0.0008212444954551756)",2047
0,0,471.pkl,67,vehicle.mini.cooper_s,"(0.0, 0.0, 0.0)","(0.0, 0.0, 0.0)","(-1.281942331843311e-05, 1.281942331843311e-05, 0.00041062216041609645)",2047
0,0,471.pkl,59,vehicle.mini.cooper_s,"(0.0, 0.0, 0.0)","(0.0, 0.0, 0.0)","(-1.281942331843311e-05, 1.281942331843311e-05, 0.00041062216041609645)",2047
0,0,129.pkl,47,vehicle.yamaha.yzf,"(0.0, 0.0, 0.0)","(0.0, 0.0, 0.0)","(0.0, 0.0, 0.0)",2047
0,0,129.pkl,76,vehicle.tesla.model3,"(0.0, 0.0, 0.0)","(0.0, 0.0, 0.0)","(0.0, 0.0, 0.0)",2047
0,0,129.pkl,35,vehicle.mercedes.coupe_2020,"(0.0, 0.0, 0.0)","(0.0, 0.0, 0.0)","(0.0, 0.0, 0.0)",2047
0,0,129.pkl,93,vehicle.tesla.model3,"(0.0, 0.0, 0.0)","(0.0, 0.0, 0.0)","(0.0, 0.0, 0.0)",2047
0,0,111.pkl,76,vehicle.tesla.model3,"(0.0, 0.0, 0.0)","(0.0, 0.0, 0.0)","(6.409711659216555e-06, 8.012139574020694e-07, 0.00020511077309492975)",2047
0,0,111.pkl,35,vehicle.mercedes.coupe_2020,"(0.0, 0.0, 0.0)","(0.0, 0.0, 0.0)","(0.0, 0.0, 0.0)",2047
0,0,111.pkl,93,vehicle.tesla.model3,"(0.0, 0.0, 0.0)","(0.0, 0.0, 0.0)","(0.0, 0.0, 0.0)",2047
0,0,111.pkl,92,vehicle.carlamotors.carlacola,"(0.0, 0.0, 0.0)","(0.0, 0.0, 0.0)","(0.0, 0.0, 0.0)",2047
0,0,105.pkl,93,vehicle.tesla.model3,"(0.0, 0.0, 0.0)","(0.0, 0.0, 0.0)","(0.0, 0.0, 0.0)",2047
0,0,105.pkl,76,vehicle.tesla.model3,"(0.0, 0.0, 0.0)","(0.0, 0.0, 0.0)","(0.0, 0.0, 0.0)",2047
0,0,105.pkl,92,vehicle.carlamotors.carlacola,"(0.0, 0.0, 0.0)","(0.0, 0.0, 0.0)","(0.0, 0.0, 0.0)",2047
0,0,105.pkl,35,vehicle.mercedes.coupe_2020,"(0.0, 0.0, 0.0)","(0.0, 0.0, 0.0)","(0.0, 0.0, 0.0)",2047
0,0,501.pkl,64,vehicle.tesla.model3,"(0.0, 0.0, 0.0)","(0.0, 0.0, 0.0)","(0.0, 0.0, 0.00041062210220843554)",2047
0,0,501.pkl,93,vehicle.vespa.zx125,"(0.0, 0.0, 0.0)","(0.0, 0.0, 0.0)","(0.0, 0.0, 0.00041102274553850293)",2047
0,0,501.pkl,95,vehicle.tesla.cybertruck,"(0.0, 0.0, 0.0)","(0.0, 0.0, 0.0)","(0.0, 6.4097130234586075e-06, -0.00041032180888578296)",2047
0,0,501.pkl,67,vehicle.mini.cooper_s,"(0.0, 0.0, 0.0)","(0.0, 0.0, 0.0)","(-1.281942331843311e-05, 1.281942331843311e-05, 0.00041062216041609645)",2047
0,0,501.pkl,59,vehicle.mini.cooper_s,"(0.0, 0.0, 0.0)","(0.0, 0.0, 0.0)","(-1.281942331843311e-05, 1.281942331843311e-05, 0.00041062216041609645)",2047
0,0,501.pkl,33,vehicle.chevrolet.impala,"(0.0, 0.0, 0.0)","(0.0, 0.0, 0.0)","(0.0, 0.0, 0.0)",2047
0,0,501.pkl,34,vehicle.ford.ambulance,"(0.0, 0.0, 0.0)","(0.0, 0.0, 0.0)","(0.0, 0.0, 0.0008212444954551756)",2047
0,0,501.pkl,73,vehicle.gazelle.omafiets,"(0.0, 0.0, 0.0)","(0.0, 0.0, 0.0)","(0.0, 0.0, 0.0)",2047
0,0,267.pkl,86,vehicle.audi.etron,"(0.0, 0.0, 0.0)","(0.0, 0.0, 0.0)","(0.0, 0.0, 0.0)",2047
0,0,267.pkl,63,vehicle.volkswagen.t2_2021,"(0.0, 0.0, 0.0)","(0.0, 0.0, 0.0)","(0.0, 0.0, 0.0)",2047
0,0,267.pkl,35,vehicle.mercedes.coupe_2020,"(0.0, 0.0, 0.0)","(0.0, 0.0, 0.0)","(0.0, 0.0, 0.0)",2047
0,0,267.pkl,47,vehicle.yamaha.yzf,"(0.0, 0.0, 0.0)","(0.0, 0.0, 0.0)","(0.0, 0.0, 0.0)",2047
0,0,273.pkl,39,vehicle.harley-davidson.low_rider,"(0.0, 0.0, 0.0)","(0.0, 0.0, 0.0)","(2.5638850274845026e-05, 0.0, -0.0008212443790398538)",2047
0,0,273.pkl,33,vehicle.chevrolet.impala,"(0.0, 0.0, 0.0)","(0.0, 0.0, 0.0)","(0.0, 0.0, 0.0)",2047
0,0,273.pkl,67,vehicle.mini.cooper_s,"(0.0, 0.0, 0.0)","(0.0, 0.0, 0.0)","(-1.281942331843311e-05, 1.281942331843311e-05, 0.00041062216041609645)",2047
0,0,273.pkl,59,vehicle.mini.cooper_s,"(0.0, 0.0, 0.0)","(0.0, 0.0, 0.0)","(-1.281942331843311e-05, 1.281942331843311e-05, 0.00041062216041609645)",2047
0,0,528.pkl,95,vehicle.tesla.cybertruck,"(0.0, 0.0, 0.0)","(0.0, 0.0, 0.0)","(0.0, 6.4097130234586075e-06, -0.00041032180888578296)",2047
0,0,528.pkl,33,vehicle.chevrolet.impala,"(0.0, 0.0, 0.0)","(0.0, 0.0, 0.0)","(0.0, 0.0, 0.0)",2047
0,0,528.pkl,34,vehicle.ford.ambulance,"(0.0, 0.0, 0.0)","(0.0, 0.0, 0.0)","(0.0, 0.0, 0.0008212444954551756)",2047
0,0,528.pkl,93,vehicle.vespa.zx125,"(0.0, 0.0, 0.0)","(0.0, 0.0, 0.0)","(0.0, 0.0, 0.00041102274553850293)",2047
0,0,528.pkl,64,vehicle.tesla.model3,"(0.0, 0.0, 0.0)","(0.0, 0.0, 0.0)","(0.0, 0.0, 0.00041062210220843554)",2047
0,0,528.pkl,73,vehicle.gazelle.omafiets,"(0.0, 0.0, 0.0)","(0.0, 0.0, 0.0)","(0.0, 0.0, 0.0)",2047
0,0,306.pkl,67,vehicle.mini.cooper_s,"(0.0, 0.0, 0.0)","(0.0, 0.0, 0.0)","(-1.281942331843311e-05, 1.281942331843311e-05, 0.00041062216041609645)",2047
0,0,306.pkl,39,vehicle.harley-davidson.low_rider,"(0.0, 0.0, 0.0)","(0.0, 0.0, 0.0)","(0.0, -2.563884663686622e-05, 0.00041102274553850293)",2047
0,0,306.pkl,33,vehicle.chevrolet.impala,"(0.0, 0.0, 0.0)","(0.0, 0.0, 0.0)","(0.0, 0.0, 0.0)",2047
0,0,306.pkl,59,vehicle.mini.cooper_s,"(0.0, 0.0, 0.0)","(0.0, 0.0, 0.0)","(-1.281942331843311e-05, 1.281942331843311e-05, 0.00041062216041609645)",2047
0,0,474.pkl,64,vehicle.tesla.model3,"(0.0, 0.0, 0.0)","(0.0, 0.0, 0.0)","(0.0, 0.0, 0.00041062210220843554)",2047
0,0,474.pkl,93,vehicle.vespa.zx125,"(0.0, 0.0, 0.0)","(0.0, 0.0, 0.0)","(0.0, 0.0, 0.00041102274553850293)",2047
0,0,474.pkl,95,vehicle.tesla.cybertruck,"(0.0, 0.0, 0.0)","(0.0, 0.0, 0.0)","(0.0, 6.4097130234586075e-06, -0.00041032180888578296)",2047
0,0,474.pkl,59,vehicle.mini.cooper_s,"(0.0, 0.0, 0.0)","(0.0, 0.0, 0.0)","(-1.281942331843311e-05, 1.281942331843311e-05, 0.00041062216041609645)",2047
0,0,474.pkl,33,vehicle.chevrolet.impala,"(0.0, 0.0, 0.0)","(0.0, 0.0, 0.0)","(0.0, 0.0, 0.0)",2047
0,0,474.pkl,34,vehicle.ford.ambulance,"(0.0, 0.0, 0.0)","(0.0, 0.0, 0.0)","(0.0, 0.0, 0.0008212444954551756)",2047
0,0,474.pkl,67,vehicle.mini.cooper_s,"(0.0, 0.0, 0.0)","(0.0, 0.0, 0.0)","(-1.281942331843311e-05, 1.281942331843311e-05, 0.00041062216041609645)",2047
0,0,312.pkl,33,vehicle.chevrolet.impala,"(0.0, 0.0, 0.0)","(0.0, 0.0, 0.0)","(0.0, 0.0, 0.0)",2047
0,0,312.pkl,39,vehicle.harley-davidson.low_rider,"(0.0, 0.0, 0.0)","(0.0, 0.0, 0.0)","(0.0, -2.563884663686622e-05, 0.00041102274553850293)",2047
0,0,312.pkl,67,vehicle.mini.cooper_s,"(0.0, 0.0, 0.0)","(0.0, 0.0, 0.0)","(-1.281942331843311e-05, 1.281942331843311e-05, 0.00041062216041609645)",2047
0,0,312.pkl,59,vehicle.mini.cooper_s,"(0.0, 0.0, 0.0)","(0.0, 0.0, 0.0)","(-1.281942331843311e-05, 1.281942331843311e-05, 0.00041062216041609645)",2047
0,0,138.pkl,47,vehicle.yamaha.yzf,"(0.0, 0.0, 0.0)","(0.0, 0.0, 0.0)","(0.0, 0.0, 0.0)",2047
0,0,138.pkl,93,vehicle.tesla.model3,"(0.0, 0.0, 0.0)","(0.0, 0.0, 0.0)","(0.0, 0.0, 0.0)",2047
0,0,138.pkl,35,vehicle.mercedes.coupe_2020,"(0.0, 0.0, 0.0)","(0.0, 0.0, 0.0)","(0.0, 0.0, 0.0)",2047
0,0,138.pkl,76,vehicle.tesla.model3,"(0.0, 0.0, 0.0)","(0.0, 0.0, 0.0)","(1.2819421499443706e-05, 0.0, -0.0012314656050875783)",2047
0,0,39.pkl,76,vehicle.tesla.model3,"(0.0, 0.0, 0.0)","(0.0, 0.0, 0.0)","(0.0, 0.0, 0.0)",2047
0,0,39.pkl,92,vehicle.carlamotors.carlacola,"(0.0, 0.0, 0.0)","(0.0, 0.0, 0.0)","(0.0, 0.0, 0.0)",2047
0,0,39.pkl,35,vehicle.mercedes.coupe_2020,"(0.0, 0.0, 0.0)","(0.0, 0.0, 0.0)","(0.0, 0.0, 0.0)",2047
0,0,39.pkl,93,vehicle.tesla.model3,"(0.0, 0.0, 0.0)","(0.0, 0.0, 0.0)","(0.0, 0.0, 0.0)",2047
0,0,489.pkl,64,vehicle.tesla.model3,"(0.0, 0.0, 0.0)","(0.0, 0.0, 0.0)","(0.0, 0.0, 0.00041062210220843554)",2047
0,0,489.pkl,95,vehicle.tesla.cybertruck,"(0.0, 0.0, 0.0)","(0.0, 0.0, 0.0)","(0.0, 6.4097130234586075e-06, -0.00041032180888578296)",2047
0,0,489.pkl,93,vehicle.vespa.zx125,"(0.0, 0.0, 0.0)","(0.0, 0.0, 0.0)","(0.0, 0.0, 0.00041102274553850293)",2047
0,0,489.pkl,67,vehicle.mini.cooper_s,"(0.0, 0.0, 0.0)","(0.0, 0.0, 0.0)","(-1.281942331843311e-05, 1.281942331843311e-05, 0.00041062216041609645)",2047
0,0,489.pkl,59,vehicle.mini.cooper_s,"(0.0, 0.0, 0.0)","(0.0, 0.0, 0.0)","(-1.281942331843311e-05, 1.281942331843311e-05, 0.00041062216041609645)",2047
0,0,489.pkl,33,vehicle.chevrolet.impala,"(0.0, 0.0, 0.0)","(0.0, 0.0, 0.0)","(0.0, 0.0, 0.0)",2047
0,0,489.pkl,34,vehicle.ford.ambulance,"(0.0, 0.0, 0.0)","(0.0, 0.0, 0.0)","(0.0, 0.0, 0.0008212444954551756)",2047
0,0,462.pkl,64,vehicle.tesla.model3,"(0.0, 0.0, 0.0)","(0.0, 0.0, 0.0)","(0.0, 0.0, 0.00041062210220843554)",2047
0,0,462.pkl,95,vehicle.tesla.cybertruck,"(0.0, 0.0, 0.0)","(0.0, 0.0, 0.0)","(0.0, 6.4097130234586075e-06, -0.00041032180888578296)",2047
0,0,462.pkl,67,vehicle.mini.cooper_s,"(0.0, 0.0, 0.0)","(0.0, 0.0, 0.0)","(-1.281942331843311e-05, 1.281942331843311e-05, 0.00041062216041609645)",2047
0,0,462.pkl,93,vehicle.vespa.zx125,"(0.0, 0.0, 0.0)","(0.0, 0.0, 0.0)","(0.0, 0.0, 0.00041102274553850293)",2047
0,0,462.pkl,33,vehicle.chevrolet.impala,"(0.0, 0.0, 0.0)","(0.0, 0.0, 0.0)","(0.0, 0.0, 0.0)",2047
0,0,462.pkl,34,vehicle.ford.ambulance,"(0.0, 0.0, 0.0)","(0.0, 0.0, 0.0)","(0.0, 0.0, 0.0008212444954551756)",2047
0,0,462.pkl,59,vehicle.mini.cooper_s,"(0.0, 0.0, 0.0)","(0.0, 0.0, 0.0)","(-1.281942331843311e-05, 1.281942331843311e-05, 0.00041062216041609645)",2047
0,0,258.pkl,47,vehicle.yamaha.yzf,"(0.0, 0.0, 0.0)","(0.0, 0.0, 0.0)","(0.0, 0.0, 0.0)",2047
0,0,258.pkl,86,vehicle.audi.etron,"(0.0, 0.0, 0.0)","(0.0, 0.0, 0.0)","(0.0, 0.0, 0.0)",2047
0,0,258.pkl,63,vehicle.volkswagen.t2_2021,"(0.0, 0.0, 0.0)","(0.0, 0.0, 0.0)","(0.0, 0.0, 0.0)",2047
0,0,258.pkl,35,vehicle.mercedes.coupe_2020,"(0.0, 0.0, 0.0)","(0.0, 0.0, 0.0)","(0.0, 0.0, 0.0)",2047
0,0,516.pkl,59,vehicle.mini.cooper_s,"(0.0, 0.0, 0.0)","(0.0, 0.0, 0.0)","(-1.281942331843311e-05, 1.281942331843311e-05, 0.00041062216041609645)",2047
0,0,516.pkl,93,vehicle.vespa.zx125,"(0.0, 0.0, 0.0)","(0.0, 0.0, 0.0)","(0.0, 0.0, 0.00041102274553850293)",2047
0,0,516.pkl,64,vehicle.tesla.model3,"(0.0, 0.0, 0.0)","(0.0, 0.0, 0.0)","(0.0, 0.0, 0.00041062210220843554)",2047
0,0,516.pkl,33,vehicle.chevrolet.impala,"(0.0, 0.0, 0.0)","(0.0, 0.0, 0.0)","(0.0, 0.0, 0.0)",2047
0,0,516.pkl,34,vehicle.ford.ambulance,"(0.0, 0.0, 0.0)","(0.0, 0.0, 0.0)","(0.0, 0.0, 0.0008212444954551756)",2047
0,0,516.pkl,95,vehicle.tesla.cybertruck,"(0.0, 0.0, 0.0)","(0.0, 0.0, 0.0)","(0.0, 6.4097130234586075e-06, -0.00041032180888578296)",2047
0,0,516.pkl,73,vehicle.gazelle.omafiets,"(0.0, 0.0, 0.0)","(0.0, 0.0, 0.0)","(0.0, 0.0, 0.0)",2047
0,0,270.pkl,47,vehicle.yamaha.yzf,"(0.0, 0.0, 0.0)","(0.0, 0.0, 0.0)","(0.0, 0.0, 0.0)",2047
0,0,270.pkl,86,vehicle.audi.etron,"(0.0, 0.0, 0.0)","(0.0, 0.0, 0.0)","(0.0, 0.0, 0.0)",2047
0,0,270.pkl,63,vehicle.volkswagen.t2_2021,"(0.0, 0.0, 0.0)","(0.0, 0.0, 0.0)","(0.0, 0.0, 0.0)",2047
0,0,270.pkl,35,vehicle.mercedes.coupe_2020,"(0.0, 0.0, 0.0)","(0.0, 0.0, 0.0)","(0.0, 0.0, 0.0)",2047
0,0,264.pkl,35,vehicle.mercedes.coupe_2020,"(0.0, 0.0, 0.0)","(0.0, 0.0, 0.0)","(0.0, 0.0, 0.0)",2047
0,0,264.pkl,47,vehicle.yamaha.yzf,"(0.0, 0.0, 0.0)","(0.0, 0.0, 0.0)","(0.0, 0.0, 0.0)",2047
0,0,264.pkl,86,vehicle.audi.etron,"(0.0, 0.0, 0.0)","(0.0, 0.0, 0.0)","(0.0, 0.0, 0.0)",2047
0,0,264.pkl,63,vehicle.volkswagen.t2_2021,"(0.0, 0.0, 0.0)","(0.0, 0.0, 0.0)","(0.0, 0.0, 0.0)",2047
0,0,477.pkl,93,vehicle.vespa.zx125,"(0.0, 0.0, 0.0)","(0.0, 0.0, 0.0)","(0.0, 0.0, 0.00041102274553850293)",2047
0,0,477.pkl,59,vehicle.mini.cooper_s,"(0.0, 0.0, 0.0)","(0.0, 0.0, 0.0)","(-1.281942331843311e-05, 1.281942331843311e-05, 0.00041062216041609645)",2047
0,0,477.pkl,33,vehicle.chevrolet.impala,"(0.0, 0.0, 0.0)","(0.0, 0.0, 0.0)","(0.0, 0.0, 0.0)",2047
0,0,477.pkl,64,vehicle.tesla.model3,"(0.0, 0.0, 0.0)","(0.0, 0.0, 0.0)","(0.0, 0.0, 0.00041062210220843554)",2047
0,0,477.pkl,34,vehicle.ford.ambulance,"(0.0, 0.0, 0.0)","(0.0, 0.0, 0.0)","(0.0, 0.0, 0.0008212444954551756)",2047
0,0,477.pkl,95,vehicle.tesla.cybertruck,"(0.0, 0.0, 0.0)","(0.0, 0.0, 0.0)","(0.0, 6.4097130234586075e-06, -0.00041032180888578296)",2047
0,0,477.pkl,67,vehicle.mini.cooper_s,"(0.0, 0.0, 0.0)","(0.0, 0.0, 0.0)","(-1.281942331843311e-05, 1.281942331843311e-05, 0.00041062216041609645)",2047
0,0,339.pkl,59,vehicle.mini.cooper_s,"(0.0, 0.0, 0.0)","(0.0, 0.0, 0.0)","(-1.281942331843311e-05, 1.281942331843311e-05, 0.00041062216041609645)",2047
0,0,339.pkl,67,vehicle.mini.cooper_s,"(0.0, 0.0, 0.0)","(0.0, 0.0, 0.0)","(-1.281942331843311e-05, 1.281942331843311e-05, 0.00041062216041609645)",2047
0,0,339.pkl,33,vehicle.chevrolet.impala,"(0.0, 0.0, 0.0)","(0.0, 0.0, 0.0)","(0.0, 0.0, 0.0)",2047
0,0,12.pkl,91,vehicle.lincoln.mkz_2020,"(0.0, 0.0, 0.0)","(0.0, 0.0, 0.0)","(0.0, 0.0, 0.0)",2047
0,0,12.pkl,92,vehicle.carlamotors.carlacola,"(0.0, 0.0, 0.0)","(0.0, 0.0, 0.0)","(0.0, 0.0, 0.0)",2047
0,0,12.pkl,35,vehicle.mercedes.coupe_2020,"(0.0, 0.0, 0.0)","(0.0, 0.0, 0.0)","(0.0, 0.0, 0.0)",2047
0,0,12.pkl,93,vehicle.tesla.model3,"(0.0, 0.0, 0.0)","(0.0, 0.0, 0.0)","(0.0, 0.0, 0.0)",2047
0,0,297.pkl,59,vehicle.mini.cooper_s,"(0.0, 0.0, 0.0)","(0.0, 0.0, 0.0)","(-1.281942331843311e-05, 1.281942331843311e-05, 0.00041062216041609645)",2047
0,0,297.pkl,33,vehicle.chevrolet.impala,"(0.0, 0.0, 0.0)","(0.0, 0.0, 0.0)","(0.0, 0.0, 0.0)",2047
0,0,297.pkl,67,vehicle.mini.cooper_s,"(0.0, 0.0, 0.0)","(0.0, 0.0, 0.0)","(-1.281942331843311e-05, 1.281942331843311e-05, 0.00041062216041609645)",2047
0,0,297.pkl,39,vehicle.harley-davidson.low_rider,"(0.0, 0.0, 0.0)","(0.0, 0.0, 0.0)","(2.5638850274845026e-05, 0.0, -0.0008212443790398538)",2047
0,0,240.pkl,35,vehicle.mercedes.coupe_2020,"(0.0, 0.0, 0.0)","(0.0, 0.0, 0.0)","(0.0, 0.0, 0.0)",2047
0,0,240.pkl,63,vehicle.volkswagen.t2_2021,"(0.0, 0.0, 0.0)","(0.0, 0.0, 0.0)","(0.0, 0.0, 0.0)",2047
0,0,240.pkl,47,vehicle.yamaha.yzf,"(0.0, 0.0, 0.0)","(0.0, 0.0, 0.0)","(0.0, 0.0, 0.0)",2047
0,0,255.pkl,86,vehicle.audi.etron,"(0.0, 0.0, 0.0)","(0.0, 0.0, 0.0)","(0.0, 0.0, 0.0)",2047
0,0,255.pkl,35,vehicle.mercedes.coupe_2020,"(0.0, 0.0, 0.0)","(0.0, 0.0, 0.0)","(0.0, 0.0, 0.0)",2047
0,0,255.pkl,47,vehicle.yamaha.yzf,"(0.0, 0.0, 0.0)","(0.0, 0.0, 0.0)","(0.0, 0.0, 0.0)",2047
0,0,255.pkl,63,vehicle.volkswagen.t2_2021,"(0.0, 0.0, 0.0)","(0.0, 0.0, 0.0)","(0.0, 0.0, 0.0)",2047
0,0,282.pkl,33,vehicle.chevrolet.impala,"(0.0, 0.0, 0.0)","(0.0, 0.0, 0.0)","(0.0, 0.0, 0.0)",2047
0,0,282.pkl,67,vehicle.mini.cooper_s,"(0.0, 0.0, 0.0)","(0.0, 0.0, 0.0)","(-1.281942331843311e-05, 1.281942331843311e-05, 0.00041062216041609645)",2047
0,0,282.pkl,39,vehicle.harley-davidson.low_rider,"(0.0, 0.0, 0.0)","(0.0, 0.0, 0.0)","(2.5638850274845026e-05, 0.0, -0.0008212443790398538)",2047
0,0,282.pkl,59,vehicle.mini.cooper_s,"(0.0, 0.0, 0.0)","(0.0, 0.0, 0.0)","(-1.281942331843311e-05, 1.281942331843311e-05, 0.00041062216041609645)",2047
0,0,309.pkl,39,vehicle.harley-davidson.low_rider,"(0.0, 0.0, 0.0)","(0.0, 0.0, 0.0)","(0.0, -2.563884663686622e-05, 0.00041102274553850293)",2047
0,0,309.pkl,59,vehicle.mini.cooper_s,"(0.0, 0.0, 0.0)","(0.0, 0.0, 0.0)","(-1.281942331843311e-05, 1.281942331843311e-05, 0.00041062216041609645)",2047
0,0,309.pkl,33,vehicle.chevrolet.impala,"(0.0, 0.0, 0.0)","(0.0, 0.0, 0.0)","(0.0, 0.0, 0.0)",2047
0,0,309.pkl,67,vehicle.mini.cooper_s,"(0.0, 0.0, 0.0)","(0.0, 0.0, 0.0)","(-1.281942331843311e-05, 1.281942331843311e-05, 0.00041062216041609645)",2047
0,0,453.pkl,64,vehicle.tesla.model3,"(0.0, 0.0, 0.0)","(0.0, 0.0, 0.0)","(0.0, 0.0, 0.00041062210220843554)",2047
0,0,453.pkl,93,vehicle.vespa.zx125,"(0.0, 0.0, 0.0)","(0.0, 0.0, 0.0)","(0.0, 0.0, 0.00041102274553850293)",2047
0,0,453.pkl,59,vehicle.mini.cooper_s,"(0.0, 0.0, 0.0)","(0.0, 0.0, 0.0)","(-1.281942331843311e-05, 1.281942331843311e-05, 0.00041062216041609645)",2047
0,0,453.pkl,95,vehicle.tesla.cybertruck,"(0.0, 0.0, 0.0)","(0.0, 0.0, 0.0)","(0.0, 6.4097130234586075e-06, -0.00041032180888578296)",2047
0,0,453.pkl,67,vehicle.mini.cooper_s,"(0.0, 0.0, 0.0)","(0.0, 0.0, 0.0)","(-1.281942331843311e-05, 1.281942331843311e-05, 0.00041062216041609645)",2047
0,0,453.pkl,33,vehicle.chevrolet.impala,"(0.0, 0.0, 0.0)","(0.0, 0.0, 0.0)","(0.0, 0.0, 0.0)",2047
0,0,453.pkl,34,vehicle.ford.ambulance,"(0.0, 0.0, 0.0)","(0.0, 0.0, 0.0)","(0.0, 0.0, 0.0008212444954551756)",2047
0,0,321.pkl,59,vehicle.mini.cooper_s,"(0.0, 0.0, 0.0)","(0.0, 0.0, 0.0)","(-1.281942331843311e-05, 1.281942331843311e-05, 0.00041062216041609645)",2047
0,0,321.pkl,67,vehicle.mini.cooper_s,"(0.0, 0.0, 0.0)","(0.0, 0.0, 0.0)","(-1.281942331843311e-05, 1.281942331843311e-05, 0.00041062216041609645)",2047
0,0,321.pkl,33,vehicle.chevrolet.impala,"(0.0, 0.0, 0.0)","(0.0, 0.0, 0.0)","(0.0, 0.0, 0.0)",2047
0,0,447.pkl,64,vehicle.tesla.model3,"(0.0, 0.0, 0.0)","(0.0, 0.0, 0.0)","(0.0, 0.0, 0.00041062210220843554)",2047
0,0,447.pkl,59,vehicle.mini.cooper_s,"(0.0, 0.0, 0.0)","(0.0, 0.0, 0.0)","(-1.281942331843311e-05, 1.281942331843311e-05, 0.00041062216041609645)",2047
0,0,447.pkl,33,vehicle.chevrolet.impala,"(0.0, 0.0, 0.0)","(0.0, 0.0, 0.0)","(0.0, 0.0, 0.0)",2047
0,0,447.pkl,34,vehicle.ford.ambulance,"(0.0, 0.0, 0.0)","(0.0, 0.0, 0.0)","(0.0, 0.0, 0.0008212444954551756)",2047
0,0,447.pkl,95,vehicle.tesla.cybertruck,"(0.0, 0.0, 0.0)","(0.0, 0.0, 0.0)","(0.0, 6.4097130234586075e-06, -0.00041032180888578296)",2047
0,0,447.pkl,67,vehicle.mini.cooper_s,"(0.0, 0.0, 0.0)","(0.0, 0.0, 0.0)","(-1.281942331843311e-05, 1.281942331843311e-05, 0.00041062216041609645)",2047
0,0,123.pkl,92,vehicle.carlamotors.carlacola,"(0.0, 0.0, 0.0)","(0.0, 0.0, 0.0)","(0.0, 0.0, -0.0008212442044168711)",2047
0,0,123.pkl,76,vehicle.tesla.model3,"(0.0, 0.0, 0.0)","(0.0, 0.0, 0.0)","(0.0, 0.0, 0.0)",2047
0,0,123.pkl,47,vehicle.yamaha.yzf,"(0.0, 0.0, 0.0)","(0.0, 0.0, 0.0)","(0.0, 0.0, 0.0)",2047
0,0,123.pkl,93,vehicle.tesla.model3,"(0.0, 0.0, 0.0)","(0.0, 0.0, 0.0)","(0.0, 0.0, 0.0)",2047
0,0,123.pkl,35,vehicle.mercedes.coupe_2020,"(0.0, 0.0, 0.0)","(0.0, 0.0, 0.0)","(0.0, 0.0, 0.0)",2047
0,0,36.pkl,35,vehicle.mercedes.coupe_2020,"(0.0, 0.0, 0.0)","(0.0, 0.0, 0.0)","(0.0, 0.0, 0.0)",2047
0,0,36.pkl,92,vehicle.carlamotors.carlacola,"(0.0, 0.0, 0.0)","(0.0, 0.0, 0.0)","(0.0, 0.0, 0.0)",2047
0,0,36.pkl,76,vehicle.tesla.model3,"(0.0, 0.0, 0.0)","(0.0, 0.0, 0.0)","(0.0, 0.0, 0.0)",2047
0,0,36.pkl,93,vehicle.tesla.model3,"(0.0, 0.0, 0.0)","(0.0, 0.0, 0.0)","(0.0, 0.0, 0.0)",2047
0,0,135.pkl,76,vehicle.tesla.model3,"(0.0, 0.0, 0.0)","(0.0, 0.0, 0.0)","(1.281942331843311e-05, 0.0, -0.00041062216041609645)",2047
0,0,135.pkl,47,vehicle.yamaha.yzf,"(0.0, 0.0, 0.0)","(0.0, 0.0, 0.0)","(0.0, 0.0, 0.0)",2047
0,0,135.pkl,93,vehicle.tesla.model3,"(0.0, 0.0, 0.0)","(0.0, 0.0, 0.0)","(0.0, 0.0, 0.0)",2047
0,0,135.pkl,35,vehicle.mercedes.coupe_2020,"(0.0, 0.0, 0.0)","(0.0, 0.0, 0.0)","(0.0, 0.0, 0.0)",2047
0,0,492.pkl,64,vehicle.tesla.model3,"(0.0, 0.0, 0.0)","(0.0, 0.0, 0.0)","(0.0, 0.0, 0.00041062210220843554)",2047
0,0,492.pkl,93,vehicle.vespa.zx125,"(0.0, 0.0, 0.0)","(0.0, 0.0, 0.0)","(0.0, 0.0, 0.00041102274553850293)",2047
0,0,492.pkl,95,vehicle.tesla.cybertruck,"(0.0, 0.0, 0.0)","(0.0, 0.0, 0.0)","(0.0, 6.4097130234586075e-06, -0.00041032180888578296)",2047
0,0,492.pkl,67,vehicle.mini.cooper_s,"(0.0, 0.0, 0.0)","(0.0, 0.0, 0.0)","(-1.281942331843311e-05, 1.281942331843311e-05, 0.00041062216041609645)",2047
0,0,492.pkl,59,vehicle.mini.cooper_s,"(0.0, 0.0, 0.0)","(0.0, 0.0, 0.0)","(-1.281942331843311e-05, 1.281942331843311e-05, 0.00041062216041609645)",2047
0,0,492.pkl,33,vehicle.chevrolet.impala,"(0.0, 0.0, 0.0)","(0.0, 0.0, 0.0)","(0.0, 0.0, 0.0)",2047
0,0,492.pkl,34,vehicle.ford.ambulance,"(0.0, 0.0, 0.0)","(0.0, 0.0, 0.0)","(0.0, 0.0, 0.0008212444954551756)",2047
0,0,486.pkl,64,vehicle.tesla.model3,"(0.0, 0.0, 0.0)","(0.0, 0.0, 0.0)","(0.0, 0.0, 0.00041062210220843554)",2047
0,0,486.pkl,93,vehicle.vespa.zx125,"(0.0, 0.0, 0.0)","(0.0, 0.0, 0.0)","(0.0, 0.0, 0.00041102274553850293)",2047
0,0,486.pkl,59,vehicle.mini.cooper_s,"(0.0, 0.0, 0.0)","(0.0, 0.0, 0.0)","(-1.281942331843311e-05, 1.281942331843311e-05, 0.00041062216041609645)",2047
0,0,486.pkl,95,vehicle.tesla.cybertruck,"(0.0, 0.0, 0.0)","(0.0, 0.0, 0.0)","(0.0, 6.4097130234586075e-06, -0.00041032180888578296)",2047
0,0,486.pkl,33,vehicle.chevrolet.impala,"(0.0, 0.0, 0.0)","(0.0, 0.0, 0.0)","(0.0, 0.0, 0.0)",2047
0,0,486.pkl,67,vehicle.mini.cooper_s,"(0.0, 0.0, 0.0)","(0.0, 0.0, 0.0)","(-1.281942331843311e-05, 1.281942331843311e-05, 0.00041062216041609645)",2047
0,0,486.pkl,34,vehicle.ford.ambulance,"(0.0, 0.0, 0.0)","(0.0, 0.0, 0.0)","(0.0, 0.0, 0.0008212444954551756)",2047
0,0,294.pkl,67,vehicle.mini.cooper_s,"(0.0, 0.0, 0.0)","(0.0, 0.0, 0.0)","(-1.281942331843311e-05, 1.281942331843311e-05, 0.00041062216041609645)",2047
0,0,294.pkl,59,vehicle.mini.cooper_s,"(0.0, 0.0, 0.0)","(0.0, 0.0, 0.0)","(-1.281942331843311e-05, 1.281942331843311e-05, 0.00041062216041609645)",2047
0,0,294.pkl,39,vehicle.harley-davidson.low_rider,"(0.0, 0.0, 0.0)","(0.0, 0.0, 0.0)","(2.5638850274845026e-05, 0.0, -0.0008212443790398538)",2047
0,0,294.pkl,33,vehicle.chevrolet.impala,"(0.0, 0.0, 0.0)","(0.0, 0.0, 0.0)","(0.0, 0.0, 0.0)",2047
0,0,243.pkl,35,vehicle.mercedes.coupe_2020,"(0.0, 0.0, 0.0)","(0.0, 0.0, 0.0)","(0.0, 0.0, 0.0)",2047
0,0,243.pkl,47,vehicle.yamaha.yzf,"(0.0, 0.0, 0.0)","(0.0, 0.0, 0.0)","(0.0, 0.0, 0.0)",2047
0,0,243.pkl,63,vehicle.volkswagen.t2_2021,"(0.0, 0.0, 0.0)","(0.0, 0.0, 0.0)","(0.0, 0.0, 0.0)",2047
0,0,525.pkl,73,vehicle.gazelle.omafiets,"(0.0, 0.0, 0.0)","(0.0, 0.0, 0.0)","(0.0, 0.0, 0.0)",2047
0,0,525.pkl,34,vehicle.ford.ambulance,"(0.0, 0.0, 0.0)","(0.0, 0.0, 0.0)","(0.0, 0.0, 0.0008212444954551756)",2047
0,0,525.pkl,95,vehicle.tesla.cybertruck,"(0.0, 0.0, 0.0)","(0.0, 0.0, 0.0)","(0.0, 6.4097130234586075e-06, -0.00041032180888578296)",2047
0,0,525.pkl,33,vehicle.chevrolet.impala,"(0.0, 0.0, 0.0)","(0.0, 0.0, 0.0)","(0.0, 0.0, 0.0)",2047
0,0,525.pkl,93,vehicle.vespa.zx125,"(0.0, 0.0, 0.0)","(0.0, 0.0, 0.0)","(0.0, 0.0, 0.00041102274553850293)",2047
0,0,525.pkl,64,vehicle.tesla.model3,"(0.0, 0.0, 0.0)","(0.0, 0.0, 0.0)","(0.0, 0.0, 0.00041062210220843554)",2047
0,0,531.pkl,93,vehicle.vespa.zx125,"(0.0, 0.0, 0.0)","(0.0, 0.0, 0.0)","(0.0, 0.0, 0.00041102274553850293)",2047
0,0,531.pkl,95,vehicle.tesla.cybertruck,"(0.0, 0.0, 0.0)","(0.0, 0.0, 0.0)","(0.0, 6.4097130234586075e-06, -0.00041032180888578296)",2047
0,0,531.pkl,33,vehicle.chevrolet.impala,"(0.0, 0.0, 0.0)","(0.0, 0.0, 0.0)","(0.0, 0.0, 0.0)",2047
0,0,531.pkl,34,vehicle.ford.ambulance,"(0.0, 0.0, 0.0)","(0.0, 0.0, 0.0)","(0.0, 0.0, 0.0008212444954551756)",2047
0,0,531.pkl,64,vehicle.tesla.model3,"(0.0, 0.0, 0.0)","(0.0, 0.0, 0.0)","(0.0, 0.0, 0.00041062210220843554)",2047
0,0,531.pkl,73,vehicle.gazelle.omafiets,"(0.0, 0.0, 0.0)","(0.0, 0.0, 0.0)","(0.0, 0.0, 0.0)",2047
0,0,519.pkl,59,vehicle.mini.cooper_s,"(0.0, 0.0, 0.0)","(0.0, 0.0, 0.0)","(-1.281942331843311e-05, 1.281942331843311e-05, 0.00041062216041609645)",2047
0,0,519.pkl,33,vehicle.chevrolet.impala,"(0.0, 0.0, 0.0)","(0.0, 0.0, 0.0)","(0.0, 0.0, 0.0)",2047
0,0,519.pkl,34,vehicle.ford.ambulance,"(0.0, 0.0, 0.0)","(0.0, 0.0, 0.0)","(0.0, 0.0, 0.0008212444954551756)",2047
0,0,519.pkl,93,vehicle.vespa.zx125,"(0.0, 0.0, 0.0)","(0.0, 0.0, 0.0)","(0.0, 0.0, 0.00041102274553850293)",2047
0,0,519.pkl,64,vehicle.tesla.model3,"(0.0, 0.0, 0.0)","(0.0, 0.0, 0.0)","(0.0, 0.0, 0.00041062210220843554)",2047
0,0,519.pkl,95,vehicle.tesla.cybertruck,"(0.0, 0.0, 0.0)","(0.0, 0.0, 0.0)","(0.0, 6.4097130234586075e-06, -0.00041032180888578296)",2047
0,0,519.pkl,73,vehicle.gazelle.omafiets,"(0.0, 0.0, 0.0)","(0.0, 0.0, 0.0)","(0.0, 0.0, 0.0)",2047
0,0,444.pkl,64,vehicle.tesla.model3,"(0.0, 0.0, 0.0)","(0.0, 0.0, 0.0)","(0.0, 0.0, 0.00041062210220843554)",2047
0,0,444.pkl,95,vehicle.tesla.cybertruck,"(0.0, 0.0, 0.0)","(0.0, 0.0, 0.0)","(0.0, 6.4097130234586075e-06, -0.00041032180888578296)",2047
0,0,444.pkl,67,vehicle.mini.cooper_s,"(0.0, 0.0, 0.0)","(0.0, 0.0, 0.0)","(-1.281942331843311e-05, 1.281942331843311e-05, 0.00041062216041609645)",2047
0,0,444.pkl,59,vehicle.mini.cooper_s,"(0.0, 0.0, 0.0)","(0.0, 0.0, 0.0)","(-1.281942331843311e-05, 1.281942331843311e-05, 0.00041062216041609645)",2047
0,0,444.pkl,33,vehicle.chevrolet.impala,"(0.0, 0.0, 0.0)","(0.0, 0.0, 0.0)","(0.0, 0.0, 0.0)",2047
0,0,444.pkl,34,vehicle.ford.ambulance,"(0.0, 0.0, 0.0)","(0.0, 0.0, 0.0)","(0.0, 0.0, 0.0008212444954551756)",2047
0,0,336.pkl,33,vehicle.chevrolet.impala,"(0.0, 0.0, 0.0)","(0.0, 0.0, 0.0)","(0.0, 0.0, 0.0)",2047
0,0,336.pkl,59,vehicle.mini.cooper_s,"(0.0, 0.0, 0.0)","(0.0, 0.0, 0.0)","(-1.281942331843311e-05, 1.281942331843311e-05, 0.00041062216041609645)",2047
0,0,336.pkl,67,vehicle.mini.cooper_s,"(0.0, 0.0, 0.0)","(0.0, 0.0, 0.0)","(-1.281942331843311e-05, 1.281942331843311e-05, 0.00041062216041609645)",2047
0,0,450.pkl,64,vehicle.tesla.model3,"(0.0, 0.0, 0.0)","(0.0, 0.0, 0.0)","(0.0, 0.0, 0.00041062210220843554)",2047
0,0,450.pkl,95,vehicle.tesla.cybertruck,"(0.0, 0.0, 0.0)","(0.0, 0.0, 0.0)","(0.0, 6.4097130234586075e-06, -0.00041032180888578296)",2047
0,0,450.pkl,59,vehicle.mini.cooper_s,"(0.0, 0.0, 0.0)","(0.0, 0.0, 0.0)","(-1.281942331843311e-05, 1.281942331843311e-05, 0.00041062216041609645)",2047
0,0,450.pkl,67,vehicle.mini.cooper_s,"(0.0, 0.0, 0.0)","(0.0, 0.0, 0.0)","(-1.281942331843311e-05, 1.281942331843311e-05, 0.00041062216041609645)",2047
0,0,450.pkl,33,vehicle.chevrolet.impala,"(0.0, 0.0, 0.0)","(0.0, 0.0, 0.0)","(0.0, 0.0, 0.0)",2047
0,0,450.pkl,34,vehicle.ford.ambulance,"(0.0, 0.0, 0.0)","(0.0, 0.0, 0.0)","(0.0, 0.0, 0.0008212444954551756)",2047
0,0,108.pkl,92,vehicle.carlamotors.carlacola,"(0.0, 0.0, 0.0)","(0.0, 0.0, 0.0)","(0.0, 0.0, 0.0)",2047
0,0,108.pkl,35,vehicle.mercedes.coupe_2020,"(0.0, 0.0, 0.0)","(0.0, 0.0, 0.0)","(0.0, 0.0, 0.0)",2047
0,0,108.pkl,76,vehicle.tesla.model3,"(0.0, 0.0, 0.0)","(0.0, 0.0, 0.0)","(0.0, 0.0, 0.0)",2047
0,0,108.pkl,93,vehicle.tesla.model3,"(0.0, 0.0, 0.0)","(0.0, 0.0, 0.0)","(0.0, 0.0, 0.0)",2047
0,0,120.pkl,92,vehicle.carlamotors.carlacola,"(0.0, 0.0, 0.0)","(0.0, 0.0, 0.0)","(0.0, 0.0, -0.0008212442044168711)",2047
0,0,120.pkl,76,vehicle.tesla.model3,"(0.0, 0.0, 0.0)","(0.0, 0.0, 0.0)","(0.0, 0.0, 0.0)",2047
0,0,120.pkl,47,vehicle.yamaha.yzf,"(0.0, 0.0, 0.0)","(0.0, 0.0, 0.0)","(0.0, 0.0, 0.0)",2047
0,0,120.pkl,93,vehicle.tesla.model3,"(0.0, 0.0, 0.0)","(0.0, 0.0, 0.0)","(0.0, 0.0, 0.0)",2047
0,0,120.pkl,35,vehicle.mercedes.coupe_2020,"(0.0, 0.0, 0.0)","(0.0, 0.0, 0.0)","(0.0, 0.0, 0.0)",2047
0,0,21.pkl,35,vehicle.mercedes.coupe_2020,"(0.0, 0.0, 0.0)","(0.0, 0.0, 0.0)","(0.0, 0.0, 0.0)",2047
0,0,21.pkl,92,vehicle.carlamotors.carlacola,"(0.0, 0.0, 0.0)","(0.0, 0.0, 0.0)","(0.0, 0.0, 0.0)",2047
0,0,21.pkl,91,vehicle.lincoln.mkz_2020,"(0.0, 0.0, 0.0)","(0.0, 0.0, 0.0)","(0.0, 0.0, 0.00041102274553850293)",2047
0,0,21.pkl,93,vehicle.tesla.model3,"(0.0, 0.0, 0.0)","(0.0, 0.0, 0.0)","(0.0, 0.0, 0.0)",2047
0,0,21.pkl,76,vehicle.tesla.model3,"(0.0, 0.0, 0.0)","(0.0, 0.0, 0.0)","(0.0, 0.0, 0.0)",2047
0,0,483.pkl,64,vehicle.tesla.model3,"(0.0, 0.0, 0.0)","(0.0, 0.0, 0.0)","(0.0, 0.0, 0.00041062210220843554)",2047
0,0,483.pkl,93,vehicle.vespa.zx125,"(0.0, 0.0, 0.0)","(0.0, 0.0, 0.0)","(0.0, 0.0, 0.00041102274553850293)",2047
0,0,483.pkl,95,vehicle.tesla.cybertruck,"(0.0, 0.0, 0.0)","(0.0, 0.0, 0.0)","(0.0, 6.4097130234586075e-06, -0.00041032180888578296)",2047
0,0,483.pkl,67,vehicle.mini.cooper_s,"(0.0, 0.0, 0.0)","(0.0, 0.0, 0.0)","(-1.281942331843311e-05, 1.281942331843311e-05, 0.00041062216041609645)",2047
0,0,483.pkl,59,vehicle.mini.cooper_s,"(0.0, 0.0, 0.0)","(0.0, 0.0, 0.0)","(-1.281942331843311e-05, 1.281942331843311e-05, 0.00041062216041609645)",2047
0,0,483.pkl,33,vehicle.chevrolet.impala,"(0.0, 0.0, 0.0)","(0.0, 0.0, 0.0)","(0.0, 0.0, 0.0)",2047
0,0,483.pkl,34,vehicle.ford.ambulance,"(0.0, 0.0, 0.0)","(0.0, 0.0, 0.0)","(0.0, 0.0, 0.0008212444954551756)",2047
0,0,468.pkl,64,vehicle.tesla.model3,"(0.0, 0.0, 0.0)","(0.0, 0.0, 0.0)","(0.0, 0.0, 0.00041062210220843554)",2047
0,0,468.pkl,93,vehicle.vespa.zx125,"(0.0, 0.0, 0.0)","(0.0, 0.0, 0.0)","(0.0, 0.0, 0.00041102274553850293)",2047
0,0,468.pkl,59,vehicle.mini.cooper_s,"(0.0, 0.0, 0.0)","(0.0, 0.0, 0.0)","(-1.281942331843311e-05, 1.281942331843311e-05, 0.00041062216041609645)",2047
0,0,468.pkl,33,vehicle.chevrolet.impala,"(0.0, 0.0, 0.0)","(0.0, 0.0, 0.0)","(0.0, 0.0, 0.0)",2047
0,0,468.pkl,34,vehicle.ford.ambulance,"(0.0, 0.0, 0.0)","(0.0, 0.0, 0.0)","(0.0, 0.0, 0.0008212444954551756)",2047
0,0,468.pkl,95,vehicle.tesla.cybertruck,"(0.0, 0.0, 0.0)","(0.0, 0.0, 0.0)","(0.0, 6.4097130234586075e-06, -0.00041032180888578296)",2047
0,0,468.pkl,67,vehicle.mini.cooper_s,"(0.0, 0.0, 0.0)","(0.0, 0.0, 0.0)","(-1.281942331843311e-05, 1.281942331843311e-05, 0.00041062216041609645)",2047
0,0,285.pkl,39,vehicle.harley-davidson.low_rider,"(0.0, 0.0, 0.0)","(0.0, 0.0, 0.0)","(2.5638850274845026e-05, 0.0, -0.0008212443790398538)",2047
0,0,285.pkl,59,vehicle.mini.cooper_s,"(0.0, 0.0, 0.0)","(0.0, 0.0, 0.0)","(-1.281942331843311e-05, 1.281942331843311e-05, 0.00041062216041609645)",2047
0,0,285.pkl,67,vehicle.mini.cooper_s,"(0.0, 0.0, 0.0)","(0.0, 0.0, 0.0)","(-1.281942331843311e-05, 1.281942331843311e-05, 0.00041062216041609645)",2047
0,0,285.pkl,33,vehicle.chevrolet.impala,"(0.0, 0.0, 0.0)","(0.0, 0.0, 0.0)","(0.0, 0.0, 0.0)",2047
0,0,291.pkl,33,vehicle.chevrolet.impala,"(0.0, 0.0, 0.0)","(0.0, 0.0, 0.0)","(0.0, 0.0, 0.0)",2047
0,0,291.pkl,39,vehicle.harley-davidson.low_rider,"(0.0, 0.0, 0.0)","(0.0, 0.0, 0.0)","(2.5638850274845026e-05, 0.0, -0.0008212443790398538)",2047
0,0,291.pkl,67,vehicle.mini.cooper_s,"(0.0, 0.0, 0.0)","(0.0, 0.0, 0.0)","(-1.281942331843311e-05, 1.281942331843311e-05, 0.00041062216041609645)",2047
0,0,291.pkl,59,vehicle.mini.cooper_s,"(0.0, 0.0, 0.0)","(0.0, 0.0, 0.0)","(-1.281942331843311e-05, 1.281942331843311e-05, 0.00041062216041609645)",2047
0,0,246.pkl,63,vehicle.volkswagen.t2_2021,"(0.0, 0.0, 0.0)","(0.0, 0.0, 0.0)","(0.0, 0.0, 0.0)",2047
0,0,246.pkl,47,vehicle.yamaha.yzf,"(0.0, 0.0, 0.0)","(0.0, 0.0, 0.0)","(0.0, 0.0, 0.0)",2047
0,0,246.pkl,35,vehicle.mercedes.coupe_2020,"(0.0, 0.0, 0.0)","(0.0, 0.0, 0.0)","(0.0, 0.0, 0.0)",2047
0,0,252.pkl,35,vehicle.mercedes.coupe_2020,"(0.0, 0.0, 0.0)","(0.0, 0.0, 0.0)","(0.0, 0.0, 0.0)",2047
0,0,252.pkl,63,vehicle.volkswagen.t2_2021,"(0.0, 0.0, 0.0)","(0.0, 0.0, 0.0)","(0.0, 0.0, 0.0)",2047
0,0,252.pkl,47,vehicle.yamaha.yzf,"(0.0, 0.0, 0.0)","(0.0, 0.0, 0.0)","(0.0, 0.0, 0.0)",2047
0,0,327.pkl,67,vehicle.mini.cooper_s,"(0.0, 0.0, 0.0)","(0.0, 0.0, 0.0)","(-1.281942331843311e-05, 1.281942331843311e-05, 0.00041062216041609645)",2047
0,0,327.pkl,33,vehicle.chevrolet.impala,"(0.0, 0.0, 0.0)","(0.0, 0.0, 0.0)","(0.0, 0.0, 0.0)",2047
0,0,327.pkl,59,vehicle.mini.cooper_s,"(0.0, 0.0, 0.0)","(0.0, 0.0, 0.0)","(-1.281942331843311e-05, 1.281942331843311e-05, 0.00041062216041609645)",2047
0,0,441.pkl,64,vehicle.tesla.model3,"(0.0, 0.0, 0.0)","(0.0, 0.0, 0.0)","(0.0, 0.0, 0.00041062210220843554)",2047
0,0,441.pkl,95,vehicle.tesla.cybertruck,"(0.0, 0.0, 0.0)","(0.0, 0.0, 0.0)","(0.0, 6.4097130234586075e-06, -0.00041032180888578296)",2047
0,0,441.pkl,59,vehicle.mini.cooper_s,"(0.0, 0.0, 0.0)","(0.0, 0.0, 0.0)","(-1.281942331843311e-05, 1.281942331843311e-05, 0.00041062216041609645)",2047
0,0,441.pkl,67,vehicle.mini.cooper_s,"(0.0, 0.0, 0.0)","(0.0, 0.0, 0.0)","(-1.281942331843311e-05, 1.281942331843311e-05, 0.00041062216041609645)",2047
0,0,441.pkl,33,vehicle.chevrolet.impala,"(0.0, 0.0, 0.0)","(0.0, 0.0, 0.0)","(0.0, 0.0, 0.0)",2047
0,0,441.pkl,34,vehicle.ford.ambulance,"(0.0, 0.0, 0.0)","(0.0, 0.0, 0.0)","(0.0, 0.0, 0.0008212444954551756)",2047
0,0,333.pkl,67,vehicle.mini.cooper_s,"(0.0, 0.0, 0.0)","(0.0, 0.0, 0.0)","(-1.281942331843311e-05, 1.281942331843311e-05, 0.00041062216041609645)",2047
0,0,333.pkl,33,vehicle.chevrolet.impala,"(0.0, 0.0, 0.0)","(0.0, 0.0, 0.0)","(0.0, 0.0, 0.0)",2047
0,0,333.pkl,59,vehicle.mini.cooper_s,"(0.0, 0.0, 0.0)","(0.0, 0.0, 0.0)","(-1.281942331843311e-05, 1.281942331843311e-05, 0.00041062216041609645)",2047
0,0,18.pkl,91,vehicle.lincoln.mkz_2020,"(0.0, 0.0, 0.0)","(0.0, 0.0, 0.0)","(0.0, 0.0, 0.00041102274553850293)",2047
0,0,18.pkl,92,vehicle.carlamotors.carlacola,"(0.0, 0.0, 0.0)","(0.0, 0.0, 0.0)","(0.0, 0.0, 0.0)",2047
0,0,18.pkl,76,vehicle.tesla.model3,"(0.0, 0.0, 0.0)","(0.0, 0.0, 0.0)","(0.0, 0.0, 0.0)",2047
0,0,18.pkl,35,vehicle.mercedes.coupe_2020,"(0.0, 0.0, 0.0)","(0.0, 0.0, 0.0)","(0.0, 0.0, 0.0)",2047
0,0,18.pkl,93,vehicle.tesla.model3,"(0.0, 0.0, 0.0)","(0.0, 0.0, 0.0)","(0.0, 0.0, 0.0)",2047
0,0,24.pkl,92,vehicle.carlamotors.carlacola,"(0.0, 0.0, 0.0)","(0.0, 0.0, 0.0)","(0.0, 0.0, 0.0)",2047
0,0,24.pkl,35,vehicle.mercedes.coupe_2020,"(0.0, 0.0, 0.0)","(0.0, 0.0, 0.0)","(0.0, 0.0, 0.0)",2047
0,0,24.pkl,91,vehicle.lincoln.mkz_2020,"(0.0, 0.0, 0.0)","(0.0, 0.0, 0.0)","(0.0, 0.0, 0.00041102274553850293)",2047
0,0,24.pkl,93,vehicle.tesla.model3,"(0.0, 0.0, 0.0)","(0.0, 0.0, 0.0)","(0.0, 0.0, 0.0)",2047
0,0,24.pkl,76,vehicle.tesla.model3,"(0.0, 0.0, 0.0)","(0.0, 0.0, 0.0)","(0.0, 0.0, 0.0)",2047
0,0,30.pkl,92,vehicle.carlamotors.carlacola,"(0.0, 0.0, 0.0)","(0.0, 0.0, 0.0)","(0.0, 0.0, 0.0)",2047
0,0,30.pkl,91,vehicle.lincoln.mkz_2020,"(0.0, 0.0, 0.0)","(0.0, 0.0, 0.0)","(0.0, 0.0, 0.0)",2047
0,0,30.pkl,35,vehicle.mercedes.coupe_2020,"(0.0, 0.0, 0.0)","(0.0, 0.0, 0.0)","(0.0, 0.0, 0.0)",2047
0,0,30.pkl,93,vehicle.tesla.model3,"(0.0, 0.0, 0.0)","(0.0, 0.0, 0.0)","(0.0, 0.0, 0.0)",2047
0,0,30.pkl,76,vehicle.tesla.model3,"(0.0, 0.0, 0.0)","(0.0, 0.0, 0.0)","(0.0, 0.0, 0.0)",2047
0,0,480.pkl,64,vehicle.tesla.model3,"(0.0, 0.0, 0.0)","(0.0, 0.0, 0.0)","(0.0, 0.0, 0.00041062210220843554)",2047
0,0,480.pkl,95,vehicle.tesla.cybertruck,"(0.0, 0.0, 0.0)","(0.0, 0.0, 0.0)","(0.0, 6.4097130234586075e-06, -0.00041032180888578296)",2047
0,0,480.pkl,67,vehicle.mini.cooper_s,"(0.0, 0.0, 0.0)","(0.0, 0.0, 0.0)","(-1.281942331843311e-05, 1.281942331843311e-05, 0.00041062216041609645)",2047
0,0,480.pkl,93,vehicle.vespa.zx125,"(0.0, 0.0, 0.0)","(0.0, 0.0, 0.0)","(0.0, 0.0, 0.00041102274553850293)",2047
0,0,480.pkl,59,vehicle.mini.cooper_s,"(0.0, 0.0, 0.0)","(0.0, 0.0, 0.0)","(-1.281942331843311e-05, 1.281942331843311e-05, 0.00041062216041609645)",2047
0,0,480.pkl,33,vehicle.chevrolet.impala,"(0.0, 0.0, 0.0)","(0.0, 0.0, 0.0)","(0.0, 0.0, 0.0)",2047
0,0,480.pkl,34,vehicle.ford.ambulance,"(0.0, 0.0, 0.0)","(0.0, 0.0, 0.0)","(0.0, 0.0, 0.0008212444954551756)",2047
0,0,279.pkl,33,vehicle.chevrolet.impala,"(0.0, 0.0, 0.0)","(0.0, 0.0, 0.0)","(0.0, 0.0, 0.0)",2047
0,0,279.pkl,67,vehicle.mini.cooper_s,"(0.0, 0.0, 0.0)","(0.0, 0.0, 0.0)","(-1.281942331843311e-05, 1.281942331843311e-05, 0.00041062216041609645)",2047
0,0,279.pkl,59,vehicle.mini.cooper_s,"(0.0, 0.0, 0.0)","(0.0, 0.0, 0.0)","(-1.281942331843311e-05, 1.281942331843311e-05, 0.00041062216041609645)",2047
0,0,279.pkl,39,vehicle.harley-davidson.low_rider,"(0.0, 0.0, 0.0)","(0.0, 0.0, 0.0)","(2.5638850274845026e-05, 0.0, -0.0008212443790398538)",2047
0,0,522.pkl,93,vehicle.vespa.zx125,"(0.0, 0.0, 0.0)","(0.0, 0.0, 0.0)","(0.0, 0.0, 0.00041102274553850293)",2047
0,0,522.pkl,59,vehicle.mini.cooper_s,"(0.0, 0.0, 0.0)","(0.0, 0.0, 0.0)","(-1.281942331843311e-05, 1.281942331843311e-05, 0.00041062216041609645)",2047
0,0,522.pkl,33,vehicle.chevrolet.impala,"(0.0, 0.0, 0.0)","(0.0, 0.0, 0.0)","(0.0, 0.0, 0.0)",2047
0,0,522.pkl,34,vehicle.ford.ambulance,"(0.0, 0.0, 0.0)","(0.0, 0.0, 0.0)","(0.0, 0.0, 0.0008212444954551756)",2047
0,0,522.pkl,64,vehicle.tesla.model3,"(0.0, 0.0, 0.0)","(0.0, 0.0, 0.0)","(0.0, 0.0, 0.00041062210220843554)",2047
0,0,522.pkl,95,vehicle.tesla.cybertruck,"(0.0, 0.0, 0.0)","(0.0, 0.0, 0.0)","(0.0, 6.4097130234586075e-06, -0.00041032180888578296)",2047
0,0,522.pkl,73,vehicle.gazelle.omafiets,"(0.0, 0.0, 0.0)","(0.0, 0.0, 0.0)","(0.0, 0.0, 0.0)",2047
0,0,330.pkl,67,vehicle.mini.cooper_s,"(0.0, 0.0, 0.0)","(0.0, 0.0, 0.0)","(-1.281942331843311e-05, 1.281942331843311e-05, 0.00041062216041609645)",2047
0,0,330.pkl,59,vehicle.mini.cooper_s,"(0.0, 0.0, 0.0)","(0.0, 0.0, 0.0)","(-1.281942331843311e-05, 1.281942331843311e-05, 0.00041062216041609645)",2047
0,0,330.pkl,33,vehicle.chevrolet.impala,"(0.0, 0.0, 0.0)","(0.0, 0.0, 0.0)","(0.0, 0.0, 0.0)",2047
0,0,456.pkl,64,vehicle.tesla.model3,"(0.0, 0.0, 0.0)","(0.0, 0.0, 0.0)","(0.0, 0.0, 0.00041062210220843554)",2047
0,0,456.pkl,95,vehicle.tesla.cybertruck,"(0.0, 0.0, 0.0)","(0.0, 0.0, 0.0)","(0.0, 6.4097130234586075e-06, -0.00041032180888578296)",2047
0,0,456.pkl,93,vehicle.vespa.zx125,"(0.0, 0.0, 0.0)","(0.0, 0.0, 0.0)","(0.0, 0.0, 0.00041102274553850293)",2047
0,0,456.pkl,59,vehicle.mini.cooper_s,"(0.0, 0.0, 0.0)","(0.0, 0.0, 0.0)","(-1.281942331843311e-05, 1.281942331843311e-05, 0.00041062216041609645)",2047
0,0,456.pkl,33,vehicle.chevrolet.impala,"(0.0, 0.0, 0.0)","(0.0, 0.0, 0.0)","(0.0, 0.0, 0.0)",2047
0,0,456.pkl,34,vehicle.ford.ambulance,"(0.0, 0.0, 0.0)","(0.0, 0.0, 0.0)","(0.0, 0.0, 0.0008212444954551756)",2047
0,0,456.pkl,67,vehicle.mini.cooper_s,"(0.0, 0.0, 0.0)","(0.0, 0.0, 0.0)","(-1.281942331843311e-05, 1.281942331843311e-05, 0.00041062216041609645)",2047
0,0,324.pkl,59,vehicle.mini.cooper_s,"(0.0, 0.0, 0.0)","(0.0, 0.0, 0.0)","(-1.281942331843311e-05, 1.281942331843311e-05, 0.00041062216041609645)",2047
0,0,324.pkl,33,vehicle.chevrolet.impala,"(0.0, 0.0, 0.0)","(0.0, 0.0, 0.0)","(0.0, 0.0, 0.0)",2047
0,0,324.pkl,67,vehicle.mini.cooper_s,"(0.0, 0.0, 0.0)","(0.0, 0.0, 0.0)","(-1.281942331843311e-05, 1.281942331843311e-05, 0.00041062216041609645)",2047
0,0,318.pkl,59,vehicle.mini.cooper_s,"(0.0, 0.0, 0.0)","(0.0, 0.0, 0.0)","(-1.281942331843311e-05, 1.281942331843311e-05, 0.00041062216041609645)",2047
0,0,318.pkl,39,vehicle.harley-davidson.low_rider,"(0.0, 0.0, 0.0)","(0.0, 0.0, 0.0)","(0.0, 0.0, 0.0)",2047
0,0,318.pkl,67,vehicle.mini.cooper_s,"(0.0, 0.0, 0.0)","(0.0, 0.0, 0.0)","(-1.281942331843311e-05, 1.281942331843311e-05, 0.00041062216041609645)",2047
0,0,318.pkl,33,vehicle.chevrolet.impala,"(0.0, 0.0, 0.0)","(0.0, 0.0, 0.0)","(0.0, 0.0, 0.0)",2047
0,0,495.pkl,64,vehicle.tesla.model3,"(0.0, 0.0, 0.0)","(0.0, 0.0, 0.0)","(0.0, 0.0, 0.00041062210220843554)",2047
0,0,495.pkl,93,vehicle.vespa.zx125,"(0.0, 0.0, 0.0)","(0.0, 0.0, 0.0)","(0.0, 0.0, 0.00041102274553850293)",2047
0,0,495.pkl,59,vehicle.mini.cooper_s,"(0.0, 0.0, 0.0)","(0.0, 0.0, 0.0)","(-1.281942331843311e-05, 1.281942331843311e-05, 0.00041062216041609645)",2047
0,0,495.pkl,33,vehicle.chevrolet.impala,"(0.0, 0.0, 0.0)","(0.0, 0.0, 0.0)","(0.0, 0.0, 0.0)",2047
0,0,495.pkl,34,vehicle.ford.ambulance,"(0.0, 0.0, 0.0)","(0.0, 0.0, 0.0)","(0.0, 0.0, 0.0008212444954551756)",2047
0,0,495.pkl,95,vehicle.tesla.cybertruck,"(0.0, 0.0, 0.0)","(0.0, 0.0, 0.0)","(0.0, 6.4097130234586075e-06, -0.00041032180888578296)",2047
0,0,495.pkl,67,vehicle.mini.cooper_s,"(0.0, 0.0, 0.0)","(0.0, 0.0, 0.0)","(-1.281942331843311e-05, 1.281942331843311e-05, 0.00041062216041609645)",2047
0,0,495.pkl,73,vehicle.gazelle.omafiets,"(0.0, 0.0, 0.0)","(0.0, 0.0, 0.0)","(0.0, 0.0, 0.0)",2047
0,0,132.pkl,47,vehicle.yamaha.yzf,"(0.0, 0.0, 0.0)","(0.0, 0.0, 0.0)","(0.0, 0.0, 0.0)",2047
0,0,132.pkl,93,vehicle.tesla.model3,"(0.0, 0.0, 0.0)","(0.0, 0.0, 0.0)","(0.0, 0.0, 0.0)",2047
0,0,132.pkl,76,vehicle.tesla.model3,"(0.0, 0.0, 0.0)","(0.0, 0.0, 0.0)","(0.0, 0.0, 0.0)",2047
0,0,132.pkl,35,vehicle.mercedes.coupe_2020,"(0.0, 0.0, 0.0)","(0.0, 0.0, 0.0)","(0.0, 0.0, 0.0)",2047
0,0,126.pkl,92,vehicle.carlamotors.carlacola,"(0.0, 0.0, 0.0)","(0.0, 0.0, 0.0)","(0.0, 0.0, -0.0008212442044168711)",2047
0,0,126.pkl,76,vehicle.tesla.model3,"(0.0, 0.0, 0.0)","(0.0, 0.0, 0.0)","(0.0, 0.0, 0.0)",2047
0,0,126.pkl,47,vehicle.yamaha.yzf,"(0.0, 0.0, 0.0)","(0.0, 0.0, 0.0)","(0.0, 0.0, 0.0)",2047
0,0,126.pkl,93,vehicle.tesla.model3,"(0.0, 0.0, 0.0)","(0.0, 0.0, 0.0)","(0.0, 0.0, 0.0)",2047
0,0,126.pkl,35,vehicle.mercedes.coupe_2020,"(0.0, 0.0, 0.0)","(0.0, 0.0, 0.0)","(0.0, 0.0, 0.0)",2047
0,0,33.pkl,93,vehicle.tesla.model3,"(0.0, 0.0, 0.0)","(0.0, 0.0, 0.0)","(0.0, 0.0, 0.0)",2047
0,0,33.pkl,76,vehicle.tesla.model3,"(0.0, 0.0, 0.0)","(0.0, 0.0, 0.0)","(0.0, 0.0, 0.0)",2047
0,0,33.pkl,35,vehicle.mercedes.coupe_2020,"(0.0, 0.0, 0.0)","(0.0, 0.0, 0.0)","(0.0, 0.0, 0.0)",2047
0,0,33.pkl,92,vehicle.carlamotors.carlacola,"(0.0, 0.0, 0.0)","(0.0, 0.0, 0.0)","(0.0, 0.0, 0.0)",2047
0,0,27.pkl,91,vehicle.lincoln.mkz_2020,"(0.0, 0.0, 0.0)","(0.0, 0.0, 0.0)","(0.0, 0.0, 0.00041102274553850293)",2047
0,0,27.pkl,92,vehicle.carlamotors.carlacola,"(0.0, 0.0, 0.0)","(0.0, 0.0, 0.0)","(0.0, 0.0, 0.0)",2047
0,0,27.pkl,35,vehicle.mercedes.coupe_2020,"(0.0, 0.0, 0.0)","(0.0, 0.0, 0.0)","(0.0, 0.0, 0.0)",2047
0,0,27.pkl,93,vehicle.tesla.model3,"(0.0, 0.0, 0.0)","(0.0, 0.0, 0.0)","(0.0, 0.0, 0.0)",2047
0,0,27.pkl,76,vehicle.tesla.model3,"(0.0, 0.0, 0.0)","(0.0, 0.0, 0.0)","(0.0, 0.0, 0.0)",2047
0,0,54.pkl,76,vehicle.tesla.model3,"(0.0, 0.0, 0.0)","(0.0, 0.0, 0.0)","(0.0, 0.0, 0.0)",2047
0,0,54.pkl,35,vehicle.mercedes.coupe_2020,"(0.0, 0.0, 0.0)","(0.0, 0.0, 0.0)","(0.0, 0.0, 0.0)",2047
0,0,54.pkl,92,vehicle.carlamotors.carlacola,"(0.0, 0.0, 0.0)","(0.0, 0.0, 0.0)","(0.0, 0.0, 0.0)",2047
0,0,54.pkl,93,vehicle.tesla.model3,"(0.0, 0.0, 0.0)","(0.0, 0.0, 0.0)","(0.0, 0.0, 0.0)",2047
0,0,6.pkl,35,vehicle.mercedes.coupe_2020,"(0.0, 0.0, 0.0)","(0.0, 0.0, 0.0)","(0.0, 0.0, 0.0)",2047
0,0,6.pkl,72,vehicle.audi.a2,"(0.0, 0.0, 0.0)","(0.0, 0.0, 0.0)","(0.0, 0.0, 0.0)",2047
0,0,6.pkl,91,vehicle.lincoln.mkz_2020,"(0.0, 0.0, 0.0)","(0.0, 0.0, 0.0)","(0.0, 0.0, 0.0)",2047
0,0,6.pkl,92,vehicle.carlamotors.carlacola,"(0.0, 0.0, 0.0)","(0.0, 0.0, 0.0)","(0.0, 0.0, 0.0)",2047
0,0,6.pkl,93,vehicle.tesla.model3,"(0.0, 0.0, 0.0)","(0.0, 0.0, 0.0)","(0.0, 0.0, 0.0)",2047
0,0,141.pkl,47,vehicle.yamaha.yzf,"(0.0, 0.0, 0.0)","(0.0, 0.0, 0.0)","(0.0, 0.0, 0.0)",2047
0,0,141.pkl,93,vehicle.tesla.model3,"(0.0, 0.0, 0.0)","(0.0, 0.0, 0.0)","(0.0, 0.0, 0.0)",2047
0,0,141.pkl,76,vehicle.tesla.model3,"(0.0, 0.0, 0.0)","(0.0, 0.0, 0.0)","(0.0, 0.0, 0.0)",2047
0,0,141.pkl,35,vehicle.mercedes.coupe_2020,"(0.0, 0.0, 0.0)","(0.0, 0.0, 0.0)","(0.0, 0.0, 0.0)",2047
0,0,357.pkl,33,vehicle.chevrolet.impala,"(0.0, 0.0, 0.0)","(0.0, 0.0, 0.0)","(0.0, 0.0, 0.0)",2047
0,0,357.pkl,59,vehicle.mini.cooper_s,"(0.0, 0.0, 0.0)","(0.0, 0.0, 0.0)","(-1.281942331843311e-05, 1.281942331843311e-05, 0.00041062216041609645)",2047
0,0,357.pkl,67,vehicle.mini.cooper_s,"(0.0, 0.0, 0.0)","(0.0, 0.0, 0.0)","(-1.281942331843311e-05, 1.281942331843311e-05, 0.00041062216041609645)",2047
0,0,237.pkl,47,vehicle.yamaha.yzf,"(0.0, 0.0, 0.0)","(0.0, 0.0, 0.0)","(0.0, 0.0, 0.0)",2047
0,0,237.pkl,63,vehicle.volkswagen.t2_2021,"(0.0, 0.0, 0.0)","(0.0, 0.0, 0.0)","(0.0, 0.0, 0.0)",2047
0,0,237.pkl,35,vehicle.mercedes.coupe_2020,"(0.0, 0.0, 0.0)","(0.0, 0.0, 0.0)","(0.0, 0.0, 0.0)",2047
0,0,222.pkl,47,vehicle.yamaha.yzf,"(0.0, 0.0, 0.0)","(0.0, 0.0, 0.0)","(0.0, 0.0, 0.0)",2047
0,0,222.pkl,93,vehicle.tesla.model3,"(0.0, 0.0, 0.0)","(0.0, 0.0, 0.0)","(0.0, 0.0, 0.0)",2047
0,0,222.pkl,35,vehicle.mercedes.coupe_2020,"(0.0, 0.0, 0.0)","(0.0, 0.0, 0.0)","(0.0, 0.0, 0.0)",2047
0,0,342.pkl,67,vehicle.mini.cooper_s,"(0.0, 0.0, 0.0)","(0.0, 0.0, 0.0)","(-1.281942331843311e-05, 1.281942331843311e-05, 0.00041062216041609645)",2047
0,0,342.pkl,33,vehicle.chevrolet.impala,"(0.0, 0.0, 0.0)","(0.0, 0.0, 0.0)","(0.0, 0.0, 0.0)",2047
0,0,342.pkl,59,vehicle.mini.cooper_s,"(0.0, 0.0, 0.0)","(0.0, 0.0, 0.0)","(-1.281942331843311e-05, 1.281942331843311e-05, 0.00041062216041609645)",2047
0,0,381.pkl,95,vehicle.tesla.cybertruck,"(0.0, 0.0, 0.0)","(0.0, 0.0, 0.0)","(0.0, 6.4097130234586075e-06, -0.00041032180888578296)",2047
0,0,381.pkl,33,vehicle.chevrolet.impala,"(0.0, 0.0, 0.0)","(0.0, 0.0, 0.0)","(0.0, 0.0, 0.0)",2047
0,0,381.pkl,59,vehicle.mini.cooper_s,"(0.0, 0.0, 0.0)","(0.0, 0.0, 0.0)","(-1.281942331843311e-05, 1.281942331843311e-05, 0.00041062216041609645)",2047
0,0,381.pkl,67,vehicle.mini.cooper_s,"(0.0, 0.0, 0.0)","(0.0, 0.0, 0.0)","(-1.281942331843311e-05, 1.281942331843311e-05, 0.00041062216041609645)",2047
0,0,96.pkl,76,vehicle.tesla.model3,"(0.0, 0.0, 0.0)","(0.0, 0.0, 0.0)","(0.0, 0.0, 0.0)",2047
0,0,96.pkl,92,vehicle.carlamotors.carlacola,"(0.0, 0.0, 0.0)","(0.0, 0.0, 0.0)","(0.0, 0.0, 0.0)",2047
0,0,96.pkl,35,vehicle.mercedes.coupe_2020,"(0.0, 0.0, 0.0)","(0.0, 0.0, 0.0)","(0.0, 0.0, 0.0)",2047
0,0,96.pkl,93,vehicle.tesla.model3,"(0.0, 0.0, 0.0)","(0.0, 0.0, 0.0)","(0.0, 0.0, 0.0)",2047
0,0,168.pkl,76,vehicle.tesla.model3,"(0.0, 0.0, 0.0)","(0.0, 0.0, 0.0)","(0.0, 0.0, 0.0)",2047
0,0,168.pkl,47,vehicle.yamaha.yzf,"(0.0, 0.0, 0.0)","(0.0, 0.0, 0.0)","(0.0, 0.0, 0.0)",2047
0,0,168.pkl,93,vehicle.tesla.model3,"(0.0, 0.0, 0.0)","(0.0, 0.0, 0.0)","(0.0, 0.0, 0.0)",2047
0,0,168.pkl,35,vehicle.mercedes.coupe_2020,"(0.0, 0.0, 0.0)","(0.0, 0.0, 0.0)","(0.0, 0.0, 0.0)",2047
0,0,69.pkl,76,vehicle.tesla.model3,"(0.0, 0.0, 0.0)","(0.0, 0.0, 0.0)","(0.0, 0.0, 0.0)",2047
0,0,69.pkl,93,vehicle.tesla.model3,"(0.0, 0.0, 0.0)","(0.0, 0.0, 0.0)","(0.0, 0.0, 0.0)",2047
0,0,69.pkl,92,vehicle.carlamotors.carlacola,"(0.0, 0.0, 0.0)","(0.0, 0.0, 0.0)","(0.0, 0.0, 0.0)",2047
0,0,69.pkl,35,vehicle.mercedes.coupe_2020,"(0.0, 0.0, 0.0)","(0.0, 0.0, 0.0)","(0.0, 0.0, 0.0)",2047
0,0,183.pkl,93,vehicle.tesla.model3,"(0.0, 0.0, 0.0)","(0.0, 0.0, 0.0)","(0.0, 0.0, 0.0)",2047
0,0,183.pkl,76,vehicle.tesla.model3,"(0.0, 0.0, 0.0)","(0.0, 0.0, 0.0)","(0.0, 0.0, 0.0)",2047
0,0,183.pkl,35,vehicle.mercedes.coupe_2020,"(0.0, 0.0, 0.0)","(0.0, 0.0, 0.0)","(0.0, 0.0, 0.0)",2047
0,0,183.pkl,47,vehicle.yamaha.yzf,"(0.0, 0.0, 0.0)","(0.0, 0.0, 0.0)","(0.0, 0.0, 0.0)",2047
0,0,195.pkl,47,vehicle.yamaha.yzf,"(0.0, 0.0, 0.0)","(0.0, 0.0, 0.0)","(0.0, 0.0, 0.0)",2047
0,0,195.pkl,35,vehicle.mercedes.coupe_2020,"(0.0, 0.0, 0.0)","(0.0, 0.0, 0.0)","(0.0, 0.0, 0.0)",2047
0,0,195.pkl,93,vehicle.tesla.model3,"(0.0, 0.0, 0.0)","(0.0, 0.0, 0.0)","(0.0, 0.0, 0.0)",2047
0,0,57.pkl,92,vehicle.carlamotors.carlacola,"(0.0, 0.0, 0.0)","(0.0, 0.0, 0.0)","(0.0, 0.0, 0.0)",2047
0,0,57.pkl,35,vehicle.mercedes.coupe_2020,"(0.0, 0.0, 0.0)","(0.0, 0.0, 0.0)","(0.0, 0.0, 0.0)",2047
0,0,57.pkl,93,vehicle.tesla.model3,"(0.0, 0.0, 0.0)","(0.0, 0.0, 0.0)","(0.0, 0.0, 0.0)",2047
0,0,57.pkl,76,vehicle.tesla.model3,"(0.0, 0.0, 0.0)","(0.0, 0.0, 0.0)","(0.0, 0.0, 0.0)",2047
0,0,156.pkl,76,vehicle.tesla.model3,"(0.0, 0.0, 0.0)","(0.0, 0.0, 0.0)","(0.0, 0.0, -0.0008208436775021255)",2047
0,0,156.pkl,93,vehicle.tesla.model3,"(0.0, 0.0, 0.0)","(0.0, 0.0, 0.0)","(0.0, 0.0, 0.0)",2047
0,0,156.pkl,35,vehicle.mercedes.coupe_2020,"(0.0, 0.0, 0.0)","(0.0, 0.0, 0.0)","(0.0, 0.0, 0.0)",2047
0,0,156.pkl,47,vehicle.yamaha.yzf,"(0.0, 0.0, 0.0)","(0.0, 0.0, 0.0)","(0.0, 0.0, 0.0)",2047
0,0,432.pkl,67,vehicle.mini.cooper_s,"(0.0, 0.0, 0.0)","(0.0, 0.0, 0.0)","(-1.281942331843311e-05, 1.281942331843311e-05, 0.00041062216041609645)",2047
0,0,432.pkl,59,vehicle.mini.cooper_s,"(0.0, 0.0, 0.0)","(0.0, 0.0, 0.0)","(-1.281942331843311e-05, 1.281942331843311e-05, 0.00041062216041609645)",2047
0,0,432.pkl,95,vehicle.tesla.cybertruck,"(0.0, 0.0, 0.0)","(0.0, 0.0, 0.0)","(0.0, 6.4097130234586075e-06, -0.00041032180888578296)",2047
0,0,432.pkl,33,vehicle.chevrolet.impala,"(0.0, 0.0, 0.0)","(0.0, 0.0, 0.0)","(0.0, 0.0, 0.0)",2047
0,0,432.pkl,34,vehicle.ford.ambulance,"(0.0, 0.0, 0.0)","(0.0, 0.0, 0.0)","(0.0, 0.0, 0.0008212444954551756)",2047
0,0,354.pkl,67,vehicle.mini.cooper_s,"(0.0, 0.0, 0.0)","(0.0, 0.0, 0.0)","(-1.281942331843311e-05, 1.281942331843311e-05, 0.00041062216041609645)",2047
0,0,354.pkl,59,vehicle.mini.cooper_s,"(0.0, 0.0, 0.0)","(0.0, 0.0, 0.0)","(-1.281942331843311e-05, 1.281942331843311e-05, 0.00041062216041609645)",2047
0,0,354.pkl,33,vehicle.chevrolet.impala,"(0.0, 0.0, 0.0)","(0.0, 0.0, 0.0)","(0.0, 0.0, 0.0)",2047
0,0,426.pkl,67,vehicle.mini.cooper_s,"(0.0, 0.0, 0.0)","(0.0, 0.0, 0.0)","(-1.281942331843311e-05, 1.281942331843311e-05, 0.00041062216041609645)",2047
0,0,426.pkl,34,vehicle.ford.ambulance,"(0.0, 0.0, 0.0)","(0.0, 0.0, 0.0)","(0.0, 0.0, 0.0008212444954551756)",2047
0,0,426.pkl,59,vehicle.mini.cooper_s,"(0.0, 0.0, 0.0)","(0.0, 0.0, 0.0)","(-1.281942331843311e-05, 1.281942331843311e-05, 0.00041062216041609645)",2047
0,0,426.pkl,95,vehicle.tesla.cybertruck,"(0.0, 0.0, 0.0)","(0.0, 0.0, 0.0)","(0.0, 6.4097130234586075e-06, -0.00041032180888578296)",2047
0,0,426.pkl,33,vehicle.chevrolet.impala,"(0.0, 0.0, 0.0)","(0.0, 0.0, 0.0)","(0.0, 0.0, 0.0)",2047
0,0,234.pkl,93,vehicle.tesla.model3,"(0.0, 0.0, 0.0)","(0.0, 0.0, 0.0)","(0.0, 0.0, 0.0)",2047
0,0,234.pkl,35,vehicle.mercedes.coupe_2020,"(0.0, 0.0, 0.0)","(0.0, 0.0, 0.0)","(0.0, 0.0, 0.0)",2047
0,0,234.pkl,47,vehicle.yamaha.yzf,"(0.0, 0.0, 0.0)","(0.0, 0.0, 0.0)","(0.0, 0.0, 0.0)",2047
0,0,369.pkl,33,vehicle.chevrolet.impala,"(0.0, 0.0, 0.0)","(0.0, 0.0, 0.0)","(0.0, 0.0, 0.0)",2047
0,0,369.pkl,59,vehicle.mini.cooper_s,"(0.0, 0.0, 0.0)","(0.0, 0.0, 0.0)","(-1.281942331843311e-05, 1.281942331843311e-05, 0.00041062216041609645)",2047
0,0,369.pkl,67,vehicle.mini.cooper_s,"(0.0, 0.0, 0.0)","(0.0, 0.0, 0.0)","(-1.281942331843311e-05, 1.281942331843311e-05, 0.00041062216041609645)",2047
0,0,396.pkl,67,vehicle.mini.cooper_s,"(0.0, 0.0, 0.0)","(0.0, 0.0, 0.0)","(-1.281942331843311e-05, 1.281942331843311e-05, 0.00041062216041609645)",2047
0,0,396.pkl,33,vehicle.chevrolet.impala,"(0.0, 0.0, 0.0)","(0.0, 0.0, 0.0)","(0.0, 0.0, 0.0)",2047
0,0,396.pkl,59,vehicle.mini.cooper_s,"(0.0, 0.0, 0.0)","(0.0, 0.0, 0.0)","(-1.281942331843311e-05, 1.281942331843311e-05, 0.00041062216041609645)",2047
0,0,396.pkl,95,vehicle.tesla.cybertruck,"(0.0, 0.0, 0.0)","(0.0, 0.0, 0.0)","(0.0, 6.4097130234586075e-06, -0.00041032180888578296)",2047
0,0,81.pkl,76,vehicle.tesla.model3,"(0.0, 0.0, 0.0)","(0.0, 0.0, 0.0)","(0.0, 0.0, 0.0)",2047
0,0,81.pkl,92,vehicle.carlamotors.carlacola,"(0.0, 0.0, 0.0)","(0.0, 0.0, 0.0)","(0.0, 0.0, 0.0)",2047
0,0,81.pkl,35,vehicle.mercedes.coupe_2020,"(0.0, 0.0, 0.0)","(0.0, 0.0, 0.0)","(0.0, 0.0, 0.0)",2047
0,0,81.pkl,93,vehicle.tesla.model3,"(0.0, 0.0, 0.0)","(0.0, 0.0, 0.0)","(0.0, 0.0, 0.0)",2047
0,0,42.pkl,76,vehicle.tesla.model3,"(0.0, 0.0, 0.0)","(0.0, 0.0, 0.0)","(0.0, 0.0, 0.0)",2047
0,0,42.pkl,35,vehicle.mercedes.coupe_2020,"(0.0, 0.0, 0.0)","(0.0, 0.0, 0.0)","(0.0, 0.0, 0.0)",2047
0,0,42.pkl,92,vehicle.carlamotors.carlacola,"(0.0, 0.0, 0.0)","(0.0, 0.0, 0.0)","(0.0, 0.0, 0.0)",2047
0,0,42.pkl,93,vehicle.tesla.model3,"(0.0, 0.0, 0.0)","(0.0, 0.0, 0.0)","(0.0, 0.0, 0.0)",2047
0,0,180.pkl,76,vehicle.tesla.model3,"(0.0, 0.0, 0.0)","(0.0, 0.0, 0.0)","(0.0, 0.0, 0.0)",2047
0,0,180.pkl,47,vehicle.yamaha.yzf,"(0.0, 0.0, 0.0)","(0.0, 0.0, 0.0)","(0.0, 0.0, 0.0)",2047
0,0,180.pkl,35,vehicle.mercedes.coupe_2020,"(0.0, 0.0, 0.0)","(0.0, 0.0, 0.0)","(0.0, 0.0, 0.0)",2047
0,0,180.pkl,93,vehicle.tesla.model3,"(0.0, 0.0, 0.0)","(0.0, 0.0, 0.0)","(0.0, 0.0, 0.0)",2047
0,0,153.pkl,47,vehicle.yamaha.yzf,"(0.0, 0.0, 0.0)","(0.0, 0.0, 0.0)","(0.0, 0.0, 0.0)",2047
0,0,153.pkl,93,vehicle.tesla.model3,"(0.0, 0.0, 0.0)","(0.0, 0.0, 0.0)","(0.0, 0.0, 0.0)",2047
0,0,153.pkl,76,vehicle.tesla.model3,"(0.0, 0.0, 0.0)","(0.0, 0.0, 0.0)","(0.0, 0.0, -0.0008208436775021255)",2047
0,0,153.pkl,35,vehicle.mercedes.coupe_2020,"(0.0, 0.0, 0.0)","(0.0, 0.0, 0.0)","(0.0, 0.0, 0.0)",2047
0,0,147.pkl,93,vehicle.tesla.model3,"(0.0, 0.0, 0.0)","(0.0, 0.0, 0.0)","(0.0, 0.0, 0.0)",2047
0,0,147.pkl,76,vehicle.tesla.model3,"(0.0, 0.0, 0.0)","(0.0, 0.0, 0.0)","(0.0, 0.0, -0.0008208436775021255)",2047
0,0,147.pkl,35,vehicle.mercedes.coupe_2020,"(0.0, 0.0, 0.0)","(0.0, 0.0, 0.0)","(0.0, 0.0, 0.0)",2047
0,0,147.pkl,47,vehicle.yamaha.yzf,"(0.0, 0.0, 0.0)","(0.0, 0.0, 0.0)","(0.0, 0.0, 0.0)",2047
0,0,351.pkl,67,vehicle.mini.cooper_s,"(0.0, 0.0, 0.0)","(0.0, 0.0, 0.0)","(-1.281942331843311e-05, 1.281942331843311e-05, 0.00041062216041609645)",2047
0,0,351.pkl,59,vehicle.mini.cooper_s,"(0.0, 0.0, 0.0)","(0.0, 0.0, 0.0)","(-1.281942331843311e-05, 1.281942331843311e-05, 0.00041062216041609645)",2047
0,0,351.pkl,33,vehicle.chevrolet.impala,"(0.0, 0.0, 0.0)","(0.0, 0.0, 0.0)","(0.0, 0.0, 0.0)",2047
0,0,423.pkl,67,vehicle.mini.cooper_s,"(0.0, 0.0, 0.0)","(0.0, 0.0, 0.0)","(-1.281942331843311e-05, 1.281942331843311e-05, 0.00041062216041609645)",2047
0,0,423.pkl,95,vehicle.tesla.cybertruck,"(0.0, 0.0, 0.0)","(0.0, 0.0, 0.0)","(0.0, 6.4097130234586075e-06, -0.00041032180888578296)",2047
0,0,423.pkl,59,vehicle.mini.cooper_s,"(0.0, 0.0, 0.0)","(0.0, 0.0, 0.0)","(-1.281942331843311e-05, 1.281942331843311e-05, 0.00041062216041609645)",2047
0,0,423.pkl,33,vehicle.chevrolet.impala,"(0.0, 0.0, 0.0)","(0.0, 0.0, 0.0)","(0.0, 0.0, 0.0)",2047
0,0,423.pkl,34,vehicle.ford.ambulance,"(0.0, 0.0, 0.0)","(0.0, 0.0, 0.0)","(0.0, 0.0, 0.0008212444954551756)",2047
0,0,345.pkl,67,vehicle.mini.cooper_s,"(0.0, 0.0, 0.0)","(0.0, 0.0, 0.0)","(-1.281942331843311e-05, 1.281942331843311e-05, 0.00041062216041609645)",2047
0,0,345.pkl,33,vehicle.chevrolet.impala,"(0.0, 0.0, 0.0)","(0.0, 0.0, 0.0)","(0.0, 0.0, 0.0)",2047
0,0,345.pkl,59,vehicle.mini.cooper_s,"(0.0, 0.0, 0.0)","(0.0, 0.0, 0.0)","(-1.281942331843311e-05, 1.281942331843311e-05, 0.00041062216041609645)",2047
0,0,219.pkl,35,vehicle.mercedes.coupe_2020,"(0.0, 0.0, 0.0)","(0.0, 0.0, 0.0)","(0.0, 0.0, 0.0)",2047
0,0,219.pkl,93,vehicle.tesla.model3,"(0.0, 0.0, 0.0)","(0.0, 0.0, 0.0)","(0.0, 0.0, 0.0)",2047
0,0,219.pkl,47,vehicle.yamaha.yzf,"(0.0, 0.0, 0.0)","(0.0, 0.0, 0.0)","(0.0, 0.0, 0.0)",2047
0,0,225.pkl,93,vehicle.tesla.model3,"(0.0, 0.0, 0.0)","(0.0, 0.0, 0.0)","(0.0, 0.0, 0.0)",2047
0,0,225.pkl,35,vehicle.mercedes.coupe_2020,"(0.0, 0.0, 0.0)","(0.0, 0.0, 0.0)","(0.0, 0.0, 0.0)",2047
0,0,225.pkl,47,vehicle.yamaha.yzf,"(0.0, 0.0, 0.0)","(0.0, 0.0, 0.0)","(0.0, 0.0, 0.0)",2047
0,0,231.pkl,35,vehicle.mercedes.coupe_2020,"(0.0, 0.0, 0.0)","(0.0, 0.0, 0.0)","(0.0, 0.0, 0.0)",2047
0,0,231.pkl,93,vehicle.tesla.model3,"(0.0, 0.0, 0.0)","(0.0, 0.0, 0.0)","(0.0, 0.0, 0.0)",2047
0,0,231.pkl,47,vehicle.yamaha.yzf,"(0.0, 0.0, 0.0)","(0.0, 0.0, 0.0)","(0.0, 0.0, 0.0)",2047
0,0,378.pkl,33,vehicle.chevrolet.impala,"(0.0, 0.0, 0.0)","(0.0, 0.0, 0.0)","(0.0, 0.0, 0.0)",2047
0,0,378.pkl,59,vehicle.mini.cooper_s,"(0.0, 0.0, 0.0)","(0.0, 0.0, 0.0)","(-1.281942331843311e-05, 1.281942331843311e-05, 0.00041062216041609645)",2047
0,0,378.pkl,67,vehicle.mini.cooper_s,"(0.0, 0.0, 0.0)","(0.0, 0.0, 0.0)","(-1.281942331843311e-05, 1.281942331843311e-05, 0.00041062216041609645)",2047
0,0,378.pkl,95,vehicle.tesla.cybertruck,"(0.0, 0.0, 0.0)","(0.0, 0.0, 0.0)","(0.0, 6.4097130234586075e-06, -0.00041032180888578296)",2047
0,0,387.pkl,67,vehicle.mini.cooper_s,"(0.0, 0.0, 0.0)","(0.0, 0.0, 0.0)","(-1.281942331843311e-05, 1.281942331843311e-05, 0.00041062216041609645)",2047
0,0,387.pkl,33,vehicle.chevrolet.impala,"(0.0, 0.0, 0.0)","(0.0, 0.0, 0.0)","(0.0, 0.0, 0.0)",2047
0,0,387.pkl,59,vehicle.mini.cooper_s,"(0.0, 0.0, 0.0)","(0.0, 0.0, 0.0)","(-1.281942331843311e-05, 1.281942331843311e-05, 0.00041062216041609645)",2047
0,0,387.pkl,95,vehicle.tesla.cybertruck,"(0.0, 0.0, 0.0)","(0.0, 0.0, 0.0)","(0.0, 6.4097130234586075e-06, -0.00041032180888578296)",2047
0,0,393.pkl,59,vehicle.mini.cooper_s,"(0.0, 0.0, 0.0)","(0.0, 0.0, 0.0)","(-1.281942331843311e-05, 1.281942331843311e-05, 0.00041062216041609645)",2047
0,0,393.pkl,95,vehicle.tesla.cybertruck,"(0.0, 0.0, 0.0)","(0.0, 0.0, 0.0)","(0.0, 6.4097130234586075e-06, -0.00041032180888578296)",2047
0,0,393.pkl,33,vehicle.chevrolet.impala,"(0.0, 0.0, 0.0)","(0.0, 0.0, 0.0)","(0.0, 0.0, 0.0)",2047
0,0,393.pkl,67,vehicle.mini.cooper_s,"(0.0, 0.0, 0.0)","(0.0, 0.0, 0.0)","(-1.281942331843311e-05, 1.281942331843311e-05, 0.00041062216041609645)",2047
0,0,84.pkl,76,vehicle.tesla.model3,"(0.0, 0.0, 0.0)","(0.0, 0.0, 0.0)","(0.0, 0.0, 0.0)",2047
0,0,84.pkl,92,vehicle.carlamotors.carlacola,"(0.0, 0.0, 0.0)","(0.0, 0.0, 0.0)","(0.0, 0.0, 0.0)",2047
0,0,84.pkl,35,vehicle.mercedes.coupe_2020,"(0.0, 0.0, 0.0)","(0.0, 0.0, 0.0)","(0.0, 0.0, 0.0)",2047
0,0,84.pkl,93,vehicle.tesla.model3,"(0.0, 0.0, 0.0)","(0.0, 0.0, 0.0)","(0.0, 0.0, 0.0)",2047
0,0,90.pkl,92,vehicle.carlamotors.carlacola,"(0.0, 0.0, 0.0)","(0.0, 0.0, 0.0)","(0.0, 0.0, 0.0)",2047
0,0,90.pkl,93,vehicle.tesla.model3,"(0.0, 0.0, 0.0)","(0.0, 0.0, 0.0)","(0.0, 0.0, 0.0)",2047
0,0,90.pkl,76,vehicle.tesla.model3,"(0.0, 0.0, 0.0)","(0.0, 0.0, 0.0)","(0.0, 0.0, 0.0)",2047
0,0,90.pkl,35,vehicle.mercedes.coupe_2020,"(0.0, 0.0, 0.0)","(0.0, 0.0, 0.0)","(0.0, 0.0, 0.0)",2047
0,0,45.pkl,35,vehicle.mercedes.coupe_2020,"(0.0, 0.0, 0.0)","(0.0, 0.0, 0.0)","(0.0, 0.0, 0.0)",2047
0,0,45.pkl,92,vehicle.carlamotors.carlacola,"(0.0, 0.0, 0.0)","(0.0, 0.0, 0.0)","(0.0, 0.0, 0.0)",2047
0,0,45.pkl,76,vehicle.tesla.model3,"(0.0, 0.0, 0.0)","(0.0, 0.0, 0.0)","(0.0, 0.0, 0.0)",2047
0,0,45.pkl,93,vehicle.tesla.model3,"(0.0, 0.0, 0.0)","(0.0, 0.0, 0.0)","(0.0, 0.0, 0.0)",2047
0,0,3.pkl,92,vehicle.carlamotors.carlacola,"(0.0, 0.0, 0.0)","(0.0, 0.0, 0.0)","(0.0, 0.0, 0.0)",2047
0,0,3.pkl,35,vehicle.mercedes.coupe_2020,"(0.0, 0.0, 0.0)","(0.0, 0.0, 0.0)","(0.0, 0.0, 0.0)",2047
0,0,3.pkl,72,vehicle.audi.a2,"(0.0, 0.0, 0.0)","(0.0, 0.0, 0.0)","(0.0, 0.0, 0.0)",2047
0,0,3.pkl,91,vehicle.lincoln.mkz_2020,"(0.0, 0.0, 0.0)","(0.0, 0.0, 0.0)","(0.0, 0.0, 0.0)",2047
0,0,3.pkl,93,vehicle.tesla.model3,"(0.0, 0.0, 0.0)","(0.0, 0.0, 0.0)","(0.0, 0.0, 0.0)",2047
0,0,51.pkl,76,vehicle.tesla.model3,"(0.0, 0.0, 0.0)","(0.0, 0.0, 0.0)","(0.0, 0.0, 0.0)",2047
0,0,51.pkl,35,vehicle.mercedes.coupe_2020,"(0.0, 0.0, 0.0)","(0.0, 0.0, 0.0)","(0.0, 0.0, 0.0)",2047
0,0,51.pkl,92,vehicle.carlamotors.carlacola,"(0.0, 0.0, 0.0)","(0.0, 0.0, 0.0)","(0.0, 0.0, 0.0)",2047
0,0,51.pkl,93,vehicle.tesla.model3,"(0.0, 0.0, 0.0)","(0.0, 0.0, 0.0)","(0.0, 0.0, 0.0)",2047
0,0,144.pkl,47,vehicle.yamaha.yzf,"(0.0, 0.0, 0.0)","(0.0, 0.0, 0.0)","(0.0, 0.0, 0.0)",2047
0,0,144.pkl,93,vehicle.tesla.model3,"(0.0, 0.0, 0.0)","(0.0, 0.0, 0.0)","(0.0, 0.0, 0.0)",2047
0,0,144.pkl,76,vehicle.tesla.model3,"(0.0, 0.0, 0.0)","(0.0, 0.0, 0.0)","(0.0, 0.0, -0.0008208436775021255)",2047
0,0,144.pkl,35,vehicle.mercedes.coupe_2020,"(0.0, 0.0, 0.0)","(0.0, 0.0, 0.0)","(0.0, 0.0, 0.0)",2047
0,0,150.pkl,76,vehicle.tesla.model3,"(0.0, 0.0, 0.0)","(0.0, 0.0, 0.0)","(0.0, 0.0, -0.0008208436775021255)",2047
0,0,150.pkl,35,vehicle.mercedes.coupe_2020,"(0.0, 0.0, 0.0)","(0.0, 0.0, 0.0)","(0.0, 0.0, 0.0)",2047
0,0,150.pkl,47,vehicle.yamaha.yzf,"(0.0, 0.0, 0.0)","(0.0, 0.0, 0.0)","(0.0, 0.0, 0.0)",2047
0,0,150.pkl,93,vehicle.tesla.model3,"(0.0, 0.0, 0.0)","(0.0, 0.0, 0.0)","(0.0, 0.0, 0.0)",2047
0,0,408.pkl,67,vehicle.mini.cooper_s,"(0.0, 0.0, 0.0)","(0.0, 0.0, 0.0)","(-1.281942331843311e-05, 1.281942331843311e-05, 0.00041062216041609645)",2047
0,0,408.pkl,95,vehicle.tesla.cybertruck,"(0.0, 0.0, 0.0)","(0.0, 0.0, 0.0)","(0.0, 6.4097130234586075e-06, -0.00041032180888578296)",2047
0,0,408.pkl,59,vehicle.mini.cooper_s,"(0.0, 0.0, 0.0)","(0.0, 0.0, 0.0)","(-1.281942331843311e-05, 1.281942331843311e-05, 0.00041062216041609645)",2047
0,0,408.pkl,33,vehicle.chevrolet.impala,"(0.0, 0.0, 0.0)","(0.0, 0.0, 0.0)","(0.0, 0.0, 0.0)",2047
0,0,408.pkl,34,vehicle.ford.ambulance,"(0.0, 0.0, 0.0)","(0.0, 0.0, 0.0)","(0.0, 0.0, 0.0008212444954551756)",2047
0,0,420.pkl,59,vehicle.mini.cooper_s,"(0.0, 0.0, 0.0)","(0.0, 0.0, 0.0)","(-1.281942331843311e-05, 1.281942331843311e-05, 0.00041062216041609645)",2047
0,0,420.pkl,33,vehicle.chevrolet.impala,"(0.0, 0.0, 0.0)","(0.0, 0.0, 0.0)","(0.0, 0.0, 0.0)",2047
0,0,420.pkl,34,vehicle.ford.ambulance,"(0.0, 0.0, 0.0)","(0.0, 0.0, 0.0)","(0.0, 0.0, 0.0008212444954551756)",2047
0,0,420.pkl,67,vehicle.mini.cooper_s,"(0.0, 0.0, 0.0)","(0.0, 0.0, 0.0)","(-1.281942331843311e-05, 1.281942331843311e-05, 0.00041062216041609645)",2047
0,0,420.pkl,95,vehicle.tesla.cybertruck,"(0.0, 0.0, 0.0)","(0.0, 0.0, 0.0)","(0.0, 6.4097130234586075e-06, -0.00041032180888578296)",2047
0,0,435.pkl,67,vehicle.mini.cooper_s,"(0.0, 0.0, 0.0)","(0.0, 0.0, 0.0)","(-1.281942331843311e-05, 1.281942331843311e-05, 0.00041062216041609645)",2047
0,0,435.pkl,59,vehicle.mini.cooper_s,"(0.0, 0.0, 0.0)","(0.0, 0.0, 0.0)","(-1.281942331843311e-05, 1.281942331843311e-05, 0.00041062216041609645)",2047
0,0,435.pkl,95,vehicle.tesla.cybertruck,"(0.0, 0.0, 0.0)","(0.0, 0.0, 0.0)","(0.0, 6.4097130234586075e-06, -0.00041032180888578296)",2047
0,0,435.pkl,33,vehicle.chevrolet.impala,"(0.0, 0.0, 0.0)","(0.0, 0.0, 0.0)","(0.0, 0.0, 0.0)",2047
0,0,435.pkl,34,vehicle.ford.ambulance,"(0.0, 0.0, 0.0)","(0.0, 0.0, 0.0)","(0.0, 0.0, 0.0008212444954551756)",2047
0,0,390.pkl,95,vehicle.tesla.cybertruck,"(0.0, 0.0, 0.0)","(0.0, 0.0, 0.0)","(0.0, 6.4097130234586075e-06, -0.00041032180888578296)",2047
0,0,390.pkl,33,vehicle.chevrolet.impala,"(0.0, 0.0, 0.0)","(0.0, 0.0, 0.0)","(0.0, 0.0, 0.0)",2047
0,0,390.pkl,59,vehicle.mini.cooper_s,"(0.0, 0.0, 0.0)","(0.0, 0.0, 0.0)","(-1.281942331843311e-05, 1.281942331843311e-05, 0.00041062216041609645)",2047
0,0,390.pkl,67,vehicle.mini.cooper_s,"(0.0, 0.0, 0.0)","(0.0, 0.0, 0.0)","(-1.281942331843311e-05, 1.281942331843311e-05, 0.00041062216041609645)",2047
0,0,384.pkl,67,vehicle.mini.cooper_s,"(0.0, 0.0, 0.0)","(0.0, 0.0, 0.0)","(-1.281942331843311e-05, 1.281942331843311e-05, 0.00041062216041609645)",2047
0,0,384.pkl,95,vehicle.tesla.cybertruck,"(0.0, 0.0, 0.0)","(0.0, 0.0, 0.0)","(0.0, 6.4097130234586075e-06, -0.00041032180888578296)",2047
0,0,384.pkl,33,vehicle.chevrolet.impala,"(0.0, 0.0, 0.0)","(0.0, 0.0, 0.0)","(0.0, 0.0, 0.0)",2047
0,0,384.pkl,59,vehicle.mini.cooper_s,"(0.0, 0.0, 0.0)","(0.0, 0.0, 0.0)","(-1.281942331843311e-05, 1.281942331843311e-05, 0.00041062216041609645)",2047
0,0,93.pkl,35,vehicle.mercedes.coupe_2020,"(0.0, 0.0, 0.0)","(0.0, 0.0, 0.0)","(0.0, 0.0, 0.0)",2047
0,0,93.pkl,76,vehicle.tesla.model3,"(0.0, 0.0, 0.0)","(0.0, 0.0, 0.0)","(0.0, 0.0, 0.0)",2047
0,0,93.pkl,92,vehicle.carlamotors.carlacola,"(0.0, 0.0, 0.0)","(0.0, 0.0, 0.0)","(0.0, 0.0, 0.0)",2047
0,0,93.pkl,93,vehicle.tesla.model3,"(0.0, 0.0, 0.0)","(0.0, 0.0, 0.0)","(0.0, 0.0, 0.0)",2047
0,0,87.pkl,76,vehicle.tesla.model3,"(0.0, 0.0, 0.0)","(0.0, 0.0, 0.0)","(0.0, 0.0, 0.0)",2047
0,0,87.pkl,35,vehicle.mercedes.coupe_2020,"(0.0, 0.0, 0.0)","(0.0, 0.0, 0.0)","(0.0, 0.0, 0.0)",2047
0,0,87.pkl,92,vehicle.carlamotors.carlacola,"(0.0, 0.0, 0.0)","(0.0, 0.0, 0.0)","(0.0, 0.0, 0.0)",2047
0,0,87.pkl,93,vehicle.tesla.model3,"(0.0, 0.0, 0.0)","(0.0, 0.0, 0.0)","(0.0, 0.0, 0.0)",2047
0,0,192.pkl,93,vehicle.tesla.model3,"(0.0, 0.0, 0.0)","(0.0, 0.0, 0.0)","(0.0, 0.0, 0.0)",2047
0,0,192.pkl,47,vehicle.yamaha.yzf,"(0.0, 0.0, 0.0)","(0.0, 0.0, 0.0)","(0.0, 0.0, 0.0)",2047
0,0,192.pkl,35,vehicle.mercedes.coupe_2020,"(0.0, 0.0, 0.0)","(0.0, 0.0, 0.0)","(0.0, 0.0, 0.0)",2047
0,0,78.pkl,76,vehicle.tesla.model3,"(0.0, 0.0, 0.0)","(0.0, 0.0, 0.0)","(0.0, 0.0, 0.0)",2047
0,0,78.pkl,93,vehicle.tesla.model3,"(0.0, 0.0, 0.0)","(0.0, 0.0, 0.0)","(0.0, 0.0, 0.0)",2047
0,0,78.pkl,92,vehicle.carlamotors.carlacola,"(0.0, 0.0, 0.0)","(0.0, 0.0, 0.0)","(0.0, 0.0, 0.0)",2047
0,0,78.pkl,35,vehicle.mercedes.coupe_2020,"(0.0, 0.0, 0.0)","(0.0, 0.0, 0.0)","(0.0, 0.0, 0.0)",2047
0,0,186.pkl,93,vehicle.tesla.model3,"(0.0, 0.0, 0.0)","(0.0, 0.0, 0.0)","(0.0, 0.0, 0.0)",2047
0,0,186.pkl,76,vehicle.tesla.model3,"(0.0, 0.0, 0.0)","(0.0, 0.0, 0.0)","(0.0, 0.0, 0.0)",2047
0,0,186.pkl,47,vehicle.yamaha.yzf,"(0.0, 0.0, 0.0)","(0.0, 0.0, 0.0)","(0.0, 0.0, 0.0)",2047
0,0,186.pkl,35,vehicle.mercedes.coupe_2020,"(0.0, 0.0, 0.0)","(0.0, 0.0, 0.0)","(0.0, 0.0, 0.0)",2047
